2024-07-01 09:23:33.928 ERROR 11616 --- [restartedMain] o.s.boot.SpringApplication               : Application run failed

org.springframework.beans.factory.BeanCreationException: Error creating bean with name 'dataSourceScriptDatabaseInitializer' defined in class path resource [org/springframework/boot/autoconfigure/sql/init/DataSourceInitializationConfiguration.class]: Invocation of init method failed; nested exception is org.springframework.jdbc.datasource.init.ScriptStatementFailedException: Failed to execute SQL script statement #3 of URL [file:/C:/Users/mateja/Documents/yoloq-social-media-full-stack/yoloq/target/classes/data-mysql.txt]: insert into post(content, creation_date, is_deleted, user_id) values ('Test Content', '2023-05-21 11:52:08.156285', 0, 2); nested exception is java.sql.SQLException: Field 'title' doesn't have a default value
	at org.springframework.beans.factory.support.AbstractAutowireCapableBeanFactory.initializeBean(AbstractAutowireCapableBeanFactory.java:1804) ~[spring-beans-5.3.26.jar:5.3.26]
	at org.springframework.beans.factory.support.AbstractAutowireCapableBeanFactory.doCreateBean(AbstractAutowireCapableBeanFactory.java:620) ~[spring-beans-5.3.26.jar:5.3.26]
	at org.springframework.beans.factory.support.AbstractAutowireCapableBeanFactory.createBean(AbstractAutowireCapableBeanFactory.java:542) ~[spring-beans-5.3.26.jar:5.3.26]
	at org.springframework.beans.factory.support.AbstractBeanFactory.lambda$doGetBean$0(AbstractBeanFactory.java:335) ~[spring-beans-5.3.26.jar:5.3.26]
	at org.springframework.beans.factory.support.DefaultSingletonBeanRegistry.getSingleton(DefaultSingletonBeanRegistry.java:234) ~[spring-beans-5.3.26.jar:5.3.26]
	at org.springframework.beans.factory.support.AbstractBeanFactory.doGetBean(AbstractBeanFactory.java:333) ~[spring-beans-5.3.26.jar:5.3.26]
	at org.springframework.beans.factory.support.AbstractBeanFactory.getBean(AbstractBeanFactory.java:208) ~[spring-beans-5.3.26.jar:5.3.26]
	at org.springframework.beans.factory.support.AbstractBeanFactory.doGetBean(AbstractBeanFactory.java:322) ~[spring-beans-5.3.26.jar:5.3.26]
	at org.springframework.beans.factory.support.AbstractBeanFactory.getBean(AbstractBeanFactory.java:208) ~[spring-beans-5.3.26.jar:5.3.26]
	at org.springframework.beans.factory.support.DefaultListableBeanFactory.preInstantiateSingletons(DefaultListableBeanFactory.java:955) ~[spring-beans-5.3.26.jar:5.3.26]
	at org.springframework.context.support.AbstractApplicationContext.finishBeanFactoryInitialization(AbstractApplicationContext.java:920) ~[spring-context-5.3.26.jar:5.3.26]
	at org.springframework.context.support.AbstractApplicationContext.refresh(AbstractApplicationContext.java:583) ~[spring-context-5.3.26.jar:5.3.26]
	at org.springframework.boot.web.servlet.context.ServletWebServerApplicationContext.refresh(ServletWebServerApplicationContext.java:147) ~[spring-boot-2.7.10.jar:2.7.10]
	at org.springframework.boot.SpringApplication.refresh(SpringApplication.java:731) ~[spring-boot-2.7.10.jar:2.7.10]
	at org.springframework.boot.SpringApplication.refreshContext(SpringApplication.java:408) ~[spring-boot-2.7.10.jar:2.7.10]
	at org.springframework.boot.SpringApplication.run(SpringApplication.java:307) ~[spring-boot-2.7.10.jar:2.7.10]
	at org.springframework.boot.SpringApplication.run(SpringApplication.java:1303) ~[spring-boot-2.7.10.jar:2.7.10]
	at org.springframework.boot.SpringApplication.run(SpringApplication.java:1292) ~[spring-boot-2.7.10.jar:2.7.10]
	at com.example.yoloq.YoloqApplication.main(YoloqApplication.java:10) ~[classes/:na]
	at java.base/jdk.internal.reflect.DirectMethodHandleAccessor.invoke(DirectMethodHandleAccessor.java:103) ~[na:na]
	at java.base/java.lang.reflect.Method.invoke(Method.java:580) ~[na:na]
	at org.springframework.boot.devtools.restart.RestartLauncher.run(RestartLauncher.java:49) ~[spring-boot-devtools-2.7.10.jar:2.7.10]
Caused by: org.springframework.jdbc.datasource.init.ScriptStatementFailedException: Failed to execute SQL script statement #3 of URL [file:/C:/Users/mateja/Documents/yoloq-social-media-full-stack/yoloq/target/classes/data-mysql.txt]: insert into post(content, creation_date, is_deleted, user_id) values ('Test Content', '2023-05-21 11:52:08.156285', 0, 2); nested exception is java.sql.SQLException: Field 'title' doesn't have a default value
	at org.springframework.jdbc.datasource.init.ScriptUtils.executeSqlScript(ScriptUtils.java:282) ~[spring-jdbc-5.3.26.jar:5.3.26]
	at org.springframework.jdbc.datasource.init.ResourceDatabasePopulator.populate(ResourceDatabasePopulator.java:254) ~[spring-jdbc-5.3.26.jar:5.3.26]
	at org.springframework.jdbc.datasource.init.DatabasePopulatorUtils.execute(DatabasePopulatorUtils.java:54) ~[spring-jdbc-5.3.26.jar:5.3.26]
	at org.springframework.boot.jdbc.init.DataSourceScriptDatabaseInitializer.runScripts(DataSourceScriptDatabaseInitializer.java:90) ~[spring-boot-2.7.10.jar:2.7.10]
	at org.springframework.boot.sql.init.AbstractScriptDatabaseInitializer.runScripts(AbstractScriptDatabaseInitializer.java:145) ~[spring-boot-2.7.10.jar:2.7.10]
	at org.springframework.boot.sql.init.AbstractScriptDatabaseInitializer.applyScripts(AbstractScriptDatabaseInitializer.java:107) ~[spring-boot-2.7.10.jar:2.7.10]
	at org.springframework.boot.sql.init.AbstractScriptDatabaseInitializer.applyDataScripts(AbstractScriptDatabaseInitializer.java:101) ~[spring-boot-2.7.10.jar:2.7.10]
	at org.springframework.boot.sql.init.AbstractScriptDatabaseInitializer.initializeDatabase(AbstractScriptDatabaseInitializer.java:76) ~[spring-boot-2.7.10.jar:2.7.10]
	at org.springframework.boot.sql.init.AbstractScriptDatabaseInitializer.afterPropertiesSet(AbstractScriptDatabaseInitializer.java:65) ~[spring-boot-2.7.10.jar:2.7.10]
	at org.springframework.beans.factory.support.AbstractAutowireCapableBeanFactory.invokeInitMethods(AbstractAutowireCapableBeanFactory.java:1863) ~[spring-beans-5.3.26.jar:5.3.26]
	at org.springframework.beans.factory.support.AbstractAutowireCapableBeanFactory.initializeBean(AbstractAutowireCapableBeanFactory.java:1800) ~[spring-beans-5.3.26.jar:5.3.26]
	... 21 common frames omitted
Caused by: java.sql.SQLException: Field 'title' doesn't have a default value
	at com.mysql.cj.jdbc.exceptions.SQLError.createSQLException(SQLError.java:129) ~[mysql-connector-j-8.0.32.jar:8.0.32]
	at com.mysql.cj.jdbc.exceptions.SQLExceptionsMapping.translateException(SQLExceptionsMapping.java:122) ~[mysql-connector-j-8.0.32.jar:8.0.32]
	at com.mysql.cj.jdbc.StatementImpl.executeInternal(StatementImpl.java:763) ~[mysql-connector-j-8.0.32.jar:8.0.32]
	at com.mysql.cj.jdbc.StatementImpl.execute(StatementImpl.java:648) ~[mysql-connector-j-8.0.32.jar:8.0.32]
	at com.zaxxer.hikari.pool.ProxyStatement.execute(ProxyStatement.java:94) ~[HikariCP-4.0.3.jar:na]
	at com.zaxxer.hikari.pool.HikariProxyStatement.execute(HikariProxyStatement.java) ~[HikariCP-4.0.3.jar:na]
	at org.springframework.jdbc.datasource.init.ScriptUtils.executeSqlScript(ScriptUtils.java:261) ~[spring-jdbc-5.3.26.jar:5.3.26]
	... 31 common frames omitted

2024-07-01 09:24:29.217 ERROR 21620 --- [restartedMain] o.s.boot.SpringApplication               : Application run failed

org.springframework.beans.factory.BeanCreationException: Error creating bean with name 'dataSourceScriptDatabaseInitializer' defined in class path resource [org/springframework/boot/autoconfigure/sql/init/DataSourceInitializationConfiguration.class]: Invocation of init method failed; nested exception is org.springframework.jdbc.datasource.init.ScriptStatementFailedException: Failed to execute SQL script statement #3 of URL [file:/C:/Users/mateja/Documents/yoloq-social-media-full-stack/yoloq/target/classes/data-mysql.txt]: insert into post(content, title, creation_date, is_deleted, user_id) values ('Test Content', 'Test title', 2023-05-21 11:52:08.156285', 0, 2);
insert into `group`(creation_date, description, is_deleted, is_suspended,name) values('2023-05-21 22:59:01.285302', 'Test', false, false, 'Test'); nested exception is java.sql.SQLSyntaxErrorException: You have an error in your SQL syntax; check the manual that corresponds to your MySQL server version for the right syntax to use near '11:52:08.156285', 0, 2);
insert into `group`(creation_date, description, is_dele' at line 1
	at org.springframework.beans.factory.support.AbstractAutowireCapableBeanFactory.initializeBean(AbstractAutowireCapableBeanFactory.java:1804) ~[spring-beans-5.3.26.jar:5.3.26]
	at org.springframework.beans.factory.support.AbstractAutowireCapableBeanFactory.doCreateBean(AbstractAutowireCapableBeanFactory.java:620) ~[spring-beans-5.3.26.jar:5.3.26]
	at org.springframework.beans.factory.support.AbstractAutowireCapableBeanFactory.createBean(AbstractAutowireCapableBeanFactory.java:542) ~[spring-beans-5.3.26.jar:5.3.26]
	at org.springframework.beans.factory.support.AbstractBeanFactory.lambda$doGetBean$0(AbstractBeanFactory.java:335) ~[spring-beans-5.3.26.jar:5.3.26]
	at org.springframework.beans.factory.support.DefaultSingletonBeanRegistry.getSingleton(DefaultSingletonBeanRegistry.java:234) ~[spring-beans-5.3.26.jar:5.3.26]
	at org.springframework.beans.factory.support.AbstractBeanFactory.doGetBean(AbstractBeanFactory.java:333) ~[spring-beans-5.3.26.jar:5.3.26]
	at org.springframework.beans.factory.support.AbstractBeanFactory.getBean(AbstractBeanFactory.java:208) ~[spring-beans-5.3.26.jar:5.3.26]
	at org.springframework.beans.factory.support.AbstractBeanFactory.doGetBean(AbstractBeanFactory.java:322) ~[spring-beans-5.3.26.jar:5.3.26]
	at org.springframework.beans.factory.support.AbstractBeanFactory.getBean(AbstractBeanFactory.java:208) ~[spring-beans-5.3.26.jar:5.3.26]
	at org.springframework.beans.factory.support.DefaultListableBeanFactory.preInstantiateSingletons(DefaultListableBeanFactory.java:955) ~[spring-beans-5.3.26.jar:5.3.26]
	at org.springframework.context.support.AbstractApplicationContext.finishBeanFactoryInitialization(AbstractApplicationContext.java:920) ~[spring-context-5.3.26.jar:5.3.26]
	at org.springframework.context.support.AbstractApplicationContext.refresh(AbstractApplicationContext.java:583) ~[spring-context-5.3.26.jar:5.3.26]
	at org.springframework.boot.web.servlet.context.ServletWebServerApplicationContext.refresh(ServletWebServerApplicationContext.java:147) ~[spring-boot-2.7.10.jar:2.7.10]
	at org.springframework.boot.SpringApplication.refresh(SpringApplication.java:731) ~[spring-boot-2.7.10.jar:2.7.10]
	at org.springframework.boot.SpringApplication.refreshContext(SpringApplication.java:408) ~[spring-boot-2.7.10.jar:2.7.10]
	at org.springframework.boot.SpringApplication.run(SpringApplication.java:307) ~[spring-boot-2.7.10.jar:2.7.10]
	at org.springframework.boot.SpringApplication.run(SpringApplication.java:1303) ~[spring-boot-2.7.10.jar:2.7.10]
	at org.springframework.boot.SpringApplication.run(SpringApplication.java:1292) ~[spring-boot-2.7.10.jar:2.7.10]
	at com.example.yoloq.YoloqApplication.main(YoloqApplication.java:10) ~[classes/:na]
	at java.base/jdk.internal.reflect.DirectMethodHandleAccessor.invoke(DirectMethodHandleAccessor.java:103) ~[na:na]
	at java.base/java.lang.reflect.Method.invoke(Method.java:580) ~[na:na]
	at org.springframework.boot.devtools.restart.RestartLauncher.run(RestartLauncher.java:49) ~[spring-boot-devtools-2.7.10.jar:2.7.10]
Caused by: org.springframework.jdbc.datasource.init.ScriptStatementFailedException: Failed to execute SQL script statement #3 of URL [file:/C:/Users/mateja/Documents/yoloq-social-media-full-stack/yoloq/target/classes/data-mysql.txt]: insert into post(content, title, creation_date, is_deleted, user_id) values ('Test Content', 'Test title', 2023-05-21 11:52:08.156285', 0, 2);
insert into `group`(creation_date, description, is_deleted, is_suspended,name) values('2023-05-21 22:59:01.285302', 'Test', false, false, 'Test'); nested exception is java.sql.SQLSyntaxErrorException: You have an error in your SQL syntax; check the manual that corresponds to your MySQL server version for the right syntax to use near '11:52:08.156285', 0, 2);
insert into `group`(creation_date, description, is_dele' at line 1
	at org.springframework.jdbc.datasource.init.ScriptUtils.executeSqlScript(ScriptUtils.java:282) ~[spring-jdbc-5.3.26.jar:5.3.26]
	at org.springframework.jdbc.datasource.init.ResourceDatabasePopulator.populate(ResourceDatabasePopulator.java:254) ~[spring-jdbc-5.3.26.jar:5.3.26]
	at org.springframework.jdbc.datasource.init.DatabasePopulatorUtils.execute(DatabasePopulatorUtils.java:54) ~[spring-jdbc-5.3.26.jar:5.3.26]
	at org.springframework.boot.jdbc.init.DataSourceScriptDatabaseInitializer.runScripts(DataSourceScriptDatabaseInitializer.java:90) ~[spring-boot-2.7.10.jar:2.7.10]
	at org.springframework.boot.sql.init.AbstractScriptDatabaseInitializer.runScripts(AbstractScriptDatabaseInitializer.java:145) ~[spring-boot-2.7.10.jar:2.7.10]
	at org.springframework.boot.sql.init.AbstractScriptDatabaseInitializer.applyScripts(AbstractScriptDatabaseInitializer.java:107) ~[spring-boot-2.7.10.jar:2.7.10]
	at org.springframework.boot.sql.init.AbstractScriptDatabaseInitializer.applyDataScripts(AbstractScriptDatabaseInitializer.java:101) ~[spring-boot-2.7.10.jar:2.7.10]
	at org.springframework.boot.sql.init.AbstractScriptDatabaseInitializer.initializeDatabase(AbstractScriptDatabaseInitializer.java:76) ~[spring-boot-2.7.10.jar:2.7.10]
	at org.springframework.boot.sql.init.AbstractScriptDatabaseInitializer.afterPropertiesSet(AbstractScriptDatabaseInitializer.java:65) ~[spring-boot-2.7.10.jar:2.7.10]
	at org.springframework.beans.factory.support.AbstractAutowireCapableBeanFactory.invokeInitMethods(AbstractAutowireCapableBeanFactory.java:1863) ~[spring-beans-5.3.26.jar:5.3.26]
	at org.springframework.beans.factory.support.AbstractAutowireCapableBeanFactory.initializeBean(AbstractAutowireCapableBeanFactory.java:1800) ~[spring-beans-5.3.26.jar:5.3.26]
	... 21 common frames omitted
Caused by: java.sql.SQLSyntaxErrorException: You have an error in your SQL syntax; check the manual that corresponds to your MySQL server version for the right syntax to use near '11:52:08.156285', 0, 2);
insert into `group`(creation_date, description, is_dele' at line 1
	at com.mysql.cj.jdbc.exceptions.SQLError.createSQLException(SQLError.java:120) ~[mysql-connector-j-8.0.32.jar:8.0.32]
	at com.mysql.cj.jdbc.exceptions.SQLExceptionsMapping.translateException(SQLExceptionsMapping.java:122) ~[mysql-connector-j-8.0.32.jar:8.0.32]
	at com.mysql.cj.jdbc.StatementImpl.executeInternal(StatementImpl.java:763) ~[mysql-connector-j-8.0.32.jar:8.0.32]
	at com.mysql.cj.jdbc.StatementImpl.execute(StatementImpl.java:648) ~[mysql-connector-j-8.0.32.jar:8.0.32]
	at com.zaxxer.hikari.pool.ProxyStatement.execute(ProxyStatement.java:94) ~[HikariCP-4.0.3.jar:na]
	at com.zaxxer.hikari.pool.HikariProxyStatement.execute(HikariProxyStatement.java) ~[HikariCP-4.0.3.jar:na]
	at org.springframework.jdbc.datasource.init.ScriptUtils.executeSqlScript(ScriptUtils.java:261) ~[spring-jdbc-5.3.26.jar:5.3.26]
	... 31 common frames omitted

2024-07-01 09:41:54.134 ERROR 23072 --- [restartedMain] o.s.boot.SpringApplication               : Application run failed

org.springframework.beans.factory.BeanCreationException: Error creating bean with name 'dataSourceScriptDatabaseInitializer' defined in class path resource [org/springframework/boot/autoconfigure/sql/init/DataSourceInitializationConfiguration.class]: Invocation of init method failed; nested exception is org.springframework.jdbc.datasource.init.ScriptStatementFailedException: Failed to execute SQL script statement #1 of URL [file:/C:/Users/mateja/Documents/yoloq-social-media-full-stack/yoloq/target/classes/data-mysql.txt]: insert into user (username, password, email, first_name, last_name, role, is_deleted, user_type) values ('rixenzi', '$2a$10$0yQIi.4hevoFtXj61ANzfe4tKrn6I96D/NUe3soyu96B3GWYPT24q', 'rilakmateja@gmail.com', 'mateja', 'rilak', 1, false, 'ADMIN'); nested exception is java.sql.SQLIntegrityConstraintViolationException: Duplicate entry 'rilakmateja@gmail.com' for key 'user.UK_ob8kqyqqgmefl0aco34akdtpe'
	at org.springframework.beans.factory.support.AbstractAutowireCapableBeanFactory.initializeBean(AbstractAutowireCapableBeanFactory.java:1804) ~[spring-beans-5.3.26.jar:5.3.26]
	at org.springframework.beans.factory.support.AbstractAutowireCapableBeanFactory.doCreateBean(AbstractAutowireCapableBeanFactory.java:620) ~[spring-beans-5.3.26.jar:5.3.26]
	at org.springframework.beans.factory.support.AbstractAutowireCapableBeanFactory.createBean(AbstractAutowireCapableBeanFactory.java:542) ~[spring-beans-5.3.26.jar:5.3.26]
	at org.springframework.beans.factory.support.AbstractBeanFactory.lambda$doGetBean$0(AbstractBeanFactory.java:335) ~[spring-beans-5.3.26.jar:5.3.26]
	at org.springframework.beans.factory.support.DefaultSingletonBeanRegistry.getSingleton(DefaultSingletonBeanRegistry.java:234) ~[spring-beans-5.3.26.jar:5.3.26]
	at org.springframework.beans.factory.support.AbstractBeanFactory.doGetBean(AbstractBeanFactory.java:333) ~[spring-beans-5.3.26.jar:5.3.26]
	at org.springframework.beans.factory.support.AbstractBeanFactory.getBean(AbstractBeanFactory.java:208) ~[spring-beans-5.3.26.jar:5.3.26]
	at org.springframework.beans.factory.support.AbstractBeanFactory.doGetBean(AbstractBeanFactory.java:322) ~[spring-beans-5.3.26.jar:5.3.26]
	at org.springframework.beans.factory.support.AbstractBeanFactory.getBean(AbstractBeanFactory.java:208) ~[spring-beans-5.3.26.jar:5.3.26]
	at org.springframework.beans.factory.support.DefaultListableBeanFactory.preInstantiateSingletons(DefaultListableBeanFactory.java:955) ~[spring-beans-5.3.26.jar:5.3.26]
	at org.springframework.context.support.AbstractApplicationContext.finishBeanFactoryInitialization(AbstractApplicationContext.java:920) ~[spring-context-5.3.26.jar:5.3.26]
	at org.springframework.context.support.AbstractApplicationContext.refresh(AbstractApplicationContext.java:583) ~[spring-context-5.3.26.jar:5.3.26]
	at org.springframework.boot.web.servlet.context.ServletWebServerApplicationContext.refresh(ServletWebServerApplicationContext.java:147) ~[spring-boot-2.7.10.jar:2.7.10]
	at org.springframework.boot.SpringApplication.refresh(SpringApplication.java:731) ~[spring-boot-2.7.10.jar:2.7.10]
	at org.springframework.boot.SpringApplication.refreshContext(SpringApplication.java:408) ~[spring-boot-2.7.10.jar:2.7.10]
	at org.springframework.boot.SpringApplication.run(SpringApplication.java:307) ~[spring-boot-2.7.10.jar:2.7.10]
	at org.springframework.boot.SpringApplication.run(SpringApplication.java:1303) ~[spring-boot-2.7.10.jar:2.7.10]
	at org.springframework.boot.SpringApplication.run(SpringApplication.java:1292) ~[spring-boot-2.7.10.jar:2.7.10]
	at com.example.yoloq.YoloqApplication.main(YoloqApplication.java:10) ~[classes/:na]
	at java.base/jdk.internal.reflect.DirectMethodHandleAccessor.invoke(DirectMethodHandleAccessor.java:103) ~[na:na]
	at java.base/java.lang.reflect.Method.invoke(Method.java:580) ~[na:na]
	at org.springframework.boot.devtools.restart.RestartLauncher.run(RestartLauncher.java:49) ~[spring-boot-devtools-2.7.10.jar:2.7.10]
Caused by: org.springframework.jdbc.datasource.init.ScriptStatementFailedException: Failed to execute SQL script statement #1 of URL [file:/C:/Users/mateja/Documents/yoloq-social-media-full-stack/yoloq/target/classes/data-mysql.txt]: insert into user (username, password, email, first_name, last_name, role, is_deleted, user_type) values ('rixenzi', '$2a$10$0yQIi.4hevoFtXj61ANzfe4tKrn6I96D/NUe3soyu96B3GWYPT24q', 'rilakmateja@gmail.com', 'mateja', 'rilak', 1, false, 'ADMIN'); nested exception is java.sql.SQLIntegrityConstraintViolationException: Duplicate entry 'rilakmateja@gmail.com' for key 'user.UK_ob8kqyqqgmefl0aco34akdtpe'
	at org.springframework.jdbc.datasource.init.ScriptUtils.executeSqlScript(ScriptUtils.java:282) ~[spring-jdbc-5.3.26.jar:5.3.26]
	at org.springframework.jdbc.datasource.init.ResourceDatabasePopulator.populate(ResourceDatabasePopulator.java:254) ~[spring-jdbc-5.3.26.jar:5.3.26]
	at org.springframework.jdbc.datasource.init.DatabasePopulatorUtils.execute(DatabasePopulatorUtils.java:54) ~[spring-jdbc-5.3.26.jar:5.3.26]
	at org.springframework.boot.jdbc.init.DataSourceScriptDatabaseInitializer.runScripts(DataSourceScriptDatabaseInitializer.java:90) ~[spring-boot-2.7.10.jar:2.7.10]
	at org.springframework.boot.sql.init.AbstractScriptDatabaseInitializer.runScripts(AbstractScriptDatabaseInitializer.java:145) ~[spring-boot-2.7.10.jar:2.7.10]
	at org.springframework.boot.sql.init.AbstractScriptDatabaseInitializer.applyScripts(AbstractScriptDatabaseInitializer.java:107) ~[spring-boot-2.7.10.jar:2.7.10]
	at org.springframework.boot.sql.init.AbstractScriptDatabaseInitializer.applyDataScripts(AbstractScriptDatabaseInitializer.java:101) ~[spring-boot-2.7.10.jar:2.7.10]
	at org.springframework.boot.sql.init.AbstractScriptDatabaseInitializer.initializeDatabase(AbstractScriptDatabaseInitializer.java:76) ~[spring-boot-2.7.10.jar:2.7.10]
	at org.springframework.boot.sql.init.AbstractScriptDatabaseInitializer.afterPropertiesSet(AbstractScriptDatabaseInitializer.java:65) ~[spring-boot-2.7.10.jar:2.7.10]
	at org.springframework.beans.factory.support.AbstractAutowireCapableBeanFactory.invokeInitMethods(AbstractAutowireCapableBeanFactory.java:1863) ~[spring-beans-5.3.26.jar:5.3.26]
	at org.springframework.beans.factory.support.AbstractAutowireCapableBeanFactory.initializeBean(AbstractAutowireCapableBeanFactory.java:1800) ~[spring-beans-5.3.26.jar:5.3.26]
	... 21 common frames omitted
Caused by: java.sql.SQLIntegrityConstraintViolationException: Duplicate entry 'rilakmateja@gmail.com' for key 'user.UK_ob8kqyqqgmefl0aco34akdtpe'
	at com.mysql.cj.jdbc.exceptions.SQLError.createSQLException(SQLError.java:117) ~[mysql-connector-j-8.0.32.jar:8.0.32]
	at com.mysql.cj.jdbc.exceptions.SQLExceptionsMapping.translateException(SQLExceptionsMapping.java:122) ~[mysql-connector-j-8.0.32.jar:8.0.32]
	at com.mysql.cj.jdbc.StatementImpl.executeInternal(StatementImpl.java:763) ~[mysql-connector-j-8.0.32.jar:8.0.32]
	at com.mysql.cj.jdbc.StatementImpl.execute(StatementImpl.java:648) ~[mysql-connector-j-8.0.32.jar:8.0.32]
	at com.zaxxer.hikari.pool.ProxyStatement.execute(ProxyStatement.java:94) ~[HikariCP-4.0.3.jar:na]
	at com.zaxxer.hikari.pool.HikariProxyStatement.execute(HikariProxyStatement.java) ~[HikariCP-4.0.3.jar:na]
	at org.springframework.jdbc.datasource.init.ScriptUtils.executeSqlScript(ScriptUtils.java:261) ~[spring-jdbc-5.3.26.jar:5.3.26]
	... 31 common frames omitted

2024-07-01 09:43:21.014 ERROR 19832 --- [restartedMain] o.s.boot.SpringApplication               : Application run failed

org.springframework.beans.factory.BeanCreationException: Error creating bean with name 'dataSourceScriptDatabaseInitializer' defined in class path resource [org/springframework/boot/autoconfigure/sql/init/DataSourceInitializationConfiguration.class]: Invocation of init method failed; nested exception is org.springframework.jdbc.datasource.init.UncategorizedScriptException: Failed to execute database script from resource [URL [file:/C:/Users/mateja/Documents/yoloq-social-media-full-stack/yoloq/target/classes/data-mysql.txt]]; nested exception is java.lang.IllegalArgumentException: 'script' must not be null or empty
	at org.springframework.beans.factory.support.AbstractAutowireCapableBeanFactory.initializeBean(AbstractAutowireCapableBeanFactory.java:1804) ~[spring-beans-5.3.26.jar:5.3.26]
	at org.springframework.beans.factory.support.AbstractAutowireCapableBeanFactory.doCreateBean(AbstractAutowireCapableBeanFactory.java:620) ~[spring-beans-5.3.26.jar:5.3.26]
	at org.springframework.beans.factory.support.AbstractAutowireCapableBeanFactory.createBean(AbstractAutowireCapableBeanFactory.java:542) ~[spring-beans-5.3.26.jar:5.3.26]
	at org.springframework.beans.factory.support.AbstractBeanFactory.lambda$doGetBean$0(AbstractBeanFactory.java:335) ~[spring-beans-5.3.26.jar:5.3.26]
	at org.springframework.beans.factory.support.DefaultSingletonBeanRegistry.getSingleton(DefaultSingletonBeanRegistry.java:234) ~[spring-beans-5.3.26.jar:5.3.26]
	at org.springframework.beans.factory.support.AbstractBeanFactory.doGetBean(AbstractBeanFactory.java:333) ~[spring-beans-5.3.26.jar:5.3.26]
	at org.springframework.beans.factory.support.AbstractBeanFactory.getBean(AbstractBeanFactory.java:208) ~[spring-beans-5.3.26.jar:5.3.26]
	at org.springframework.beans.factory.support.AbstractBeanFactory.doGetBean(AbstractBeanFactory.java:322) ~[spring-beans-5.3.26.jar:5.3.26]
	at org.springframework.beans.factory.support.AbstractBeanFactory.getBean(AbstractBeanFactory.java:208) ~[spring-beans-5.3.26.jar:5.3.26]
	at org.springframework.beans.factory.support.DefaultListableBeanFactory.preInstantiateSingletons(DefaultListableBeanFactory.java:955) ~[spring-beans-5.3.26.jar:5.3.26]
	at org.springframework.context.support.AbstractApplicationContext.finishBeanFactoryInitialization(AbstractApplicationContext.java:920) ~[spring-context-5.3.26.jar:5.3.26]
	at org.springframework.context.support.AbstractApplicationContext.refresh(AbstractApplicationContext.java:583) ~[spring-context-5.3.26.jar:5.3.26]
	at org.springframework.boot.web.servlet.context.ServletWebServerApplicationContext.refresh(ServletWebServerApplicationContext.java:147) ~[spring-boot-2.7.10.jar:2.7.10]
	at org.springframework.boot.SpringApplication.refresh(SpringApplication.java:731) ~[spring-boot-2.7.10.jar:2.7.10]
	at org.springframework.boot.SpringApplication.refreshContext(SpringApplication.java:408) ~[spring-boot-2.7.10.jar:2.7.10]
	at org.springframework.boot.SpringApplication.run(SpringApplication.java:307) ~[spring-boot-2.7.10.jar:2.7.10]
	at org.springframework.boot.SpringApplication.run(SpringApplication.java:1303) ~[spring-boot-2.7.10.jar:2.7.10]
	at org.springframework.boot.SpringApplication.run(SpringApplication.java:1292) ~[spring-boot-2.7.10.jar:2.7.10]
	at com.example.yoloq.YoloqApplication.main(YoloqApplication.java:10) ~[classes/:na]
	at java.base/jdk.internal.reflect.DirectMethodHandleAccessor.invoke(DirectMethodHandleAccessor.java:103) ~[na:na]
	at java.base/java.lang.reflect.Method.invoke(Method.java:580) ~[na:na]
	at org.springframework.boot.devtools.restart.RestartLauncher.run(RestartLauncher.java:49) ~[spring-boot-devtools-2.7.10.jar:2.7.10]
Caused by: org.springframework.jdbc.datasource.init.UncategorizedScriptException: Failed to execute database script from resource [URL [file:/C:/Users/mateja/Documents/yoloq-social-media-full-stack/yoloq/target/classes/data-mysql.txt]]; nested exception is java.lang.IllegalArgumentException: 'script' must not be null or empty
	at org.springframework.jdbc.datasource.init.ScriptUtils.executeSqlScript(ScriptUtils.java:305) ~[spring-jdbc-5.3.26.jar:5.3.26]
	at org.springframework.jdbc.datasource.init.ResourceDatabasePopulator.populate(ResourceDatabasePopulator.java:254) ~[spring-jdbc-5.3.26.jar:5.3.26]
	at org.springframework.jdbc.datasource.init.DatabasePopulatorUtils.execute(DatabasePopulatorUtils.java:54) ~[spring-jdbc-5.3.26.jar:5.3.26]
	at org.springframework.boot.jdbc.init.DataSourceScriptDatabaseInitializer.runScripts(DataSourceScriptDatabaseInitializer.java:90) ~[spring-boot-2.7.10.jar:2.7.10]
	at org.springframework.boot.sql.init.AbstractScriptDatabaseInitializer.runScripts(AbstractScriptDatabaseInitializer.java:145) ~[spring-boot-2.7.10.jar:2.7.10]
	at org.springframework.boot.sql.init.AbstractScriptDatabaseInitializer.applyScripts(AbstractScriptDatabaseInitializer.java:107) ~[spring-boot-2.7.10.jar:2.7.10]
	at org.springframework.boot.sql.init.AbstractScriptDatabaseInitializer.applyDataScripts(AbstractScriptDatabaseInitializer.java:101) ~[spring-boot-2.7.10.jar:2.7.10]
	at org.springframework.boot.sql.init.AbstractScriptDatabaseInitializer.initializeDatabase(AbstractScriptDatabaseInitializer.java:76) ~[spring-boot-2.7.10.jar:2.7.10]
	at org.springframework.boot.sql.init.AbstractScriptDatabaseInitializer.afterPropertiesSet(AbstractScriptDatabaseInitializer.java:65) ~[spring-boot-2.7.10.jar:2.7.10]
	at org.springframework.beans.factory.support.AbstractAutowireCapableBeanFactory.invokeInitMethods(AbstractAutowireCapableBeanFactory.java:1863) ~[spring-beans-5.3.26.jar:5.3.26]
	at org.springframework.beans.factory.support.AbstractAutowireCapableBeanFactory.initializeBean(AbstractAutowireCapableBeanFactory.java:1800) ~[spring-beans-5.3.26.jar:5.3.26]
	... 21 common frames omitted
Caused by: java.lang.IllegalArgumentException: 'script' must not be null or empty
	at org.springframework.util.Assert.hasText(Assert.java:289) ~[spring-core-5.3.26.jar:5.3.26]
	at org.springframework.jdbc.datasource.init.ScriptUtils.splitSqlScript(ScriptUtils.java:636) ~[spring-jdbc-5.3.26.jar:5.3.26]
	at org.springframework.jdbc.datasource.init.ScriptUtils.executeSqlScript(ScriptUtils.java:252) ~[spring-jdbc-5.3.26.jar:5.3.26]
	... 31 common frames omitted

2024-07-01 10:04:04.642 ERROR 18056 --- [restartedMain] o.s.b.d.LoggingFailureAnalysisReporter   : 

***************************
APPLICATION FAILED TO START
***************************

Description:

Parameter 1 of constructor in com.example.yoloq.controller.GroupController required a bean of type 'com.example.yoloq.elastic_services.GroupSearchService' that could not be found.


Action:

Consider defining a bean of type 'com.example.yoloq.elastic_services.GroupSearchService' in your configuration.

2024-07-01 10:11:32.555 ERROR 24028 --- [restartedMain] o.s.b.d.LoggingFailureAnalysisReporter   : 

***************************
APPLICATION FAILED TO START
***************************

Description:

Parameter 1 of constructor in com.example.yoloq.controller.GroupController required a bean of type 'com.example.yoloq.elastic_services.GroupSearchService' that could not be found.


Action:

Consider defining a bean of type 'com.example.yoloq.elastic_services.GroupSearchService' in your configuration.

2024-07-01 10:18:14.478 ERROR 24028 --- [restartedMain] o.s.boot.SpringApplication               : Application run failed

java.lang.TypeNotPresentException: Type com.example.yoloq.elastic_models.PostDocument not present
	at java.base/sun.reflect.generics.factory.CoreReflectionFactory.makeNamedType(CoreReflectionFactory.java:116) ~[na:na]
	at java.base/sun.reflect.generics.visitor.Reifier.visitClassTypeSignature(Reifier.java:125) ~[na:na]
	at java.base/sun.reflect.generics.tree.ClassTypeSignature.accept(ClassTypeSignature.java:49) ~[na:na]
	at java.base/sun.reflect.generics.visitor.Reifier.reifyTypeArguments(Reifier.java:68) ~[na:na]
	at java.base/sun.reflect.generics.visitor.Reifier.visitClassTypeSignature(Reifier.java:138) ~[na:na]
	at java.base/sun.reflect.generics.tree.ClassTypeSignature.accept(ClassTypeSignature.java:49) ~[na:na]
	at java.base/sun.reflect.generics.repository.ClassRepository.computeSuperInterfaces(ClassRepository.java:117) ~[na:na]
	at java.base/sun.reflect.generics.repository.ClassRepository.getSuperInterfaces(ClassRepository.java:95) ~[na:na]
	at java.base/java.lang.Class.getGenericInterfaces(Class.java:1336) ~[na:na]
	at org.springframework.core.ResolvableType.getInterfaces(ResolvableType.java:501) ~[spring-core-5.3.26.jar:5.3.26]
	at org.springframework.core.GenericTypeResolver.buildTypeVariableMap(GenericTypeResolver.java:271) ~[spring-core-5.3.26.jar:5.3.26]
	at org.springframework.core.GenericTypeResolver.getTypeVariableMap(GenericTypeResolver.java:248) ~[spring-core-5.3.26.jar:5.3.26]
	at org.springframework.data.util.ClassTypeInformation.getTypeVariableMap(ClassTypeInformation.java:120) ~[spring-data-commons-2.7.10.jar:2.7.10]
	at org.springframework.data.util.ClassTypeInformation.getTypeVariableMap(ClassTypeInformation.java:109) ~[spring-data-commons-2.7.10.jar:2.7.10]
	at org.springframework.data.util.ClassTypeInformation.<init>(ClassTypeInformation.java:96) ~[spring-data-commons-2.7.10.jar:2.7.10]
	at java.base/java.util.concurrent.ConcurrentMap.computeIfAbsent(ConcurrentMap.java:330) ~[na:na]
	at org.springframework.data.util.ClassTypeInformation.from(ClassTypeInformation.java:73) ~[spring-data-commons-2.7.10.jar:2.7.10]
	at org.springframework.data.repository.core.support.AbstractRepositoryMetadata.<init>(AbstractRepositoryMetadata.java:63) ~[spring-data-commons-2.7.10.jar:2.7.10]
	at org.springframework.data.repository.core.support.DefaultRepositoryMetadata.<init>(DefaultRepositoryMetadata.java:50) ~[spring-data-commons-2.7.10.jar:2.7.10]
	at org.springframework.data.repository.core.support.AbstractRepositoryMetadata.getMetadata(AbstractRepositoryMetadata.java:78) ~[spring-data-commons-2.7.10.jar:2.7.10]
	at org.springframework.data.repository.config.RepositoryConfigurationExtensionSupport.getRepositoryConfigurations(RepositoryConfigurationExtensionSupport.java:104) ~[spring-data-commons-2.7.10.jar:2.7.10]
	at org.springframework.data.repository.config.RepositoryConfigurationDelegate.registerRepositoriesIn(RepositoryConfigurationDelegate.java:159) ~[spring-data-commons-2.7.10.jar:2.7.10]
	at org.springframework.boot.autoconfigure.data.AbstractRepositoryConfigurationSourceSupport.registerBeanDefinitions(AbstractRepositoryConfigurationSourceSupport.java:62) ~[spring-boot-autoconfigure-2.7.10.jar:2.7.10]
	at org.springframework.context.annotation.ConfigurationClassBeanDefinitionReader.lambda$loadBeanDefinitionsFromRegistrars$1(ConfigurationClassBeanDefinitionReader.java:396) ~[spring-context-5.3.26.jar:5.3.26]
	at java.base/java.util.LinkedHashMap.forEach(LinkedHashMap.java:986) ~[na:na]
	at org.springframework.context.annotation.ConfigurationClassBeanDefinitionReader.loadBeanDefinitionsFromRegistrars(ConfigurationClassBeanDefinitionReader.java:395) ~[spring-context-5.3.26.jar:5.3.26]
	at org.springframework.context.annotation.ConfigurationClassBeanDefinitionReader.loadBeanDefinitionsForConfigurationClass(ConfigurationClassBeanDefinitionReader.java:157) ~[spring-context-5.3.26.jar:5.3.26]
	at org.springframework.context.annotation.ConfigurationClassBeanDefinitionReader.loadBeanDefinitions(ConfigurationClassBeanDefinitionReader.java:129) ~[spring-context-5.3.26.jar:5.3.26]
	at org.springframework.context.annotation.ConfigurationClassPostProcessor.processConfigBeanDefinitions(ConfigurationClassPostProcessor.java:343) ~[spring-context-5.3.26.jar:5.3.26]
	at org.springframework.context.annotation.ConfigurationClassPostProcessor.postProcessBeanDefinitionRegistry(ConfigurationClassPostProcessor.java:247) ~[spring-context-5.3.26.jar:5.3.26]
	at org.springframework.context.support.PostProcessorRegistrationDelegate.invokeBeanDefinitionRegistryPostProcessors(PostProcessorRegistrationDelegate.java:311) ~[spring-context-5.3.26.jar:5.3.26]
	at org.springframework.context.support.PostProcessorRegistrationDelegate.invokeBeanFactoryPostProcessors(PostProcessorRegistrationDelegate.java:112) ~[spring-context-5.3.26.jar:5.3.26]
	at org.springframework.context.support.AbstractApplicationContext.invokeBeanFactoryPostProcessors(AbstractApplicationContext.java:748) ~[spring-context-5.3.26.jar:5.3.26]
	at org.springframework.context.support.AbstractApplicationContext.refresh(AbstractApplicationContext.java:564) ~[spring-context-5.3.26.jar:5.3.26]
	at org.springframework.boot.web.servlet.context.ServletWebServerApplicationContext.refresh(ServletWebServerApplicationContext.java:147) ~[spring-boot-2.7.10.jar:2.7.10]
	at org.springframework.boot.SpringApplication.refresh(SpringApplication.java:731) ~[spring-boot-2.7.10.jar:2.7.10]
	at org.springframework.boot.SpringApplication.refreshContext(SpringApplication.java:408) ~[spring-boot-2.7.10.jar:2.7.10]
	at org.springframework.boot.SpringApplication.run(SpringApplication.java:307) ~[spring-boot-2.7.10.jar:2.7.10]
	at org.springframework.boot.SpringApplication.run(SpringApplication.java:1303) ~[spring-boot-2.7.10.jar:2.7.10]
	at org.springframework.boot.SpringApplication.run(SpringApplication.java:1292) ~[spring-boot-2.7.10.jar:2.7.10]
	at com.example.yoloq.YoloqApplication.main(YoloqApplication.java:10) ~[classes/:na]
	at java.base/jdk.internal.reflect.DirectMethodHandleAccessor.invoke(DirectMethodHandleAccessor.java:103) ~[na:na]
	at java.base/java.lang.reflect.Method.invoke(Method.java:580) ~[na:na]
	at org.springframework.boot.devtools.restart.RestartLauncher.run(RestartLauncher.java:49) ~[spring-boot-devtools-2.7.10.jar:2.7.10]
Caused by: java.lang.ClassNotFoundException: com.example.yoloq.elastic_models.PostDocument
	at java.base/jdk.internal.loader.BuiltinClassLoader.loadClass(BuiltinClassLoader.java:641) ~[na:na]
	at java.base/jdk.internal.loader.ClassLoaders$AppClassLoader.loadClass(ClassLoaders.java:188) ~[na:na]
	at java.base/java.lang.ClassLoader.loadClass(ClassLoader.java:525) ~[na:na]
	at java.base/java.lang.Class.forName0(Native Method) ~[na:na]
	at java.base/java.lang.Class.forName(Class.java:529) ~[na:na]
	at java.base/java.lang.Class.forName(Class.java:508) ~[na:na]
	at org.springframework.boot.devtools.restart.classloader.RestartClassLoader.loadClass(RestartClassLoader.java:145) ~[spring-boot-devtools-2.7.10.jar:2.7.10]
	at java.base/java.lang.ClassLoader.loadClass(ClassLoader.java:525) ~[na:na]
	at java.base/java.lang.Class.forName0(Native Method) ~[na:na]
	at java.base/java.lang.Class.forName(Class.java:529) ~[na:na]
	at java.base/java.lang.Class.forName(Class.java:508) ~[na:na]
	at java.base/sun.reflect.generics.factory.CoreReflectionFactory.makeNamedType(CoreReflectionFactory.java:113) ~[na:na]
	... 43 common frames omitted

2024-07-01 11:31:35.762 ERROR 20812 --- [restartedMain] o.s.boot.SpringApplication               : Application run failed

org.springframework.beans.factory.BeanDefinitionStoreException: Failed to parse configuration class [com.example.yoloq.YoloqApplication]; nested exception is java.io.FileNotFoundException: class path resource [com/example/yoloq/elastic_services/PostSearchService.class] cannot be opened because it does not exist
	at org.springframework.context.annotation.ConfigurationClassParser.parse(ConfigurationClassParser.java:188) ~[spring-context-5.3.26.jar:5.3.26]
	at org.springframework.context.annotation.ConfigurationClassPostProcessor.processConfigBeanDefinitions(ConfigurationClassPostProcessor.java:331) ~[spring-context-5.3.26.jar:5.3.26]
	at org.springframework.context.annotation.ConfigurationClassPostProcessor.postProcessBeanDefinitionRegistry(ConfigurationClassPostProcessor.java:247) ~[spring-context-5.3.26.jar:5.3.26]
	at org.springframework.context.support.PostProcessorRegistrationDelegate.invokeBeanDefinitionRegistryPostProcessors(PostProcessorRegistrationDelegate.java:311) ~[spring-context-5.3.26.jar:5.3.26]
	at org.springframework.context.support.PostProcessorRegistrationDelegate.invokeBeanFactoryPostProcessors(PostProcessorRegistrationDelegate.java:112) ~[spring-context-5.3.26.jar:5.3.26]
	at org.springframework.context.support.AbstractApplicationContext.invokeBeanFactoryPostProcessors(AbstractApplicationContext.java:748) ~[spring-context-5.3.26.jar:5.3.26]
	at org.springframework.context.support.AbstractApplicationContext.refresh(AbstractApplicationContext.java:564) ~[spring-context-5.3.26.jar:5.3.26]
	at org.springframework.boot.web.servlet.context.ServletWebServerApplicationContext.refresh(ServletWebServerApplicationContext.java:147) ~[spring-boot-2.7.10.jar:2.7.10]
	at org.springframework.boot.SpringApplication.refresh(SpringApplication.java:731) ~[spring-boot-2.7.10.jar:2.7.10]
	at org.springframework.boot.SpringApplication.refreshContext(SpringApplication.java:408) ~[spring-boot-2.7.10.jar:2.7.10]
	at org.springframework.boot.SpringApplication.run(SpringApplication.java:307) ~[spring-boot-2.7.10.jar:2.7.10]
	at org.springframework.boot.SpringApplication.run(SpringApplication.java:1303) ~[spring-boot-2.7.10.jar:2.7.10]
	at org.springframework.boot.SpringApplication.run(SpringApplication.java:1292) ~[spring-boot-2.7.10.jar:2.7.10]
	at com.example.yoloq.YoloqApplication.main(YoloqApplication.java:10) ~[classes/:na]
	at java.base/jdk.internal.reflect.DirectMethodHandleAccessor.invoke(DirectMethodHandleAccessor.java:103) ~[na:na]
	at java.base/java.lang.reflect.Method.invoke(Method.java:580) ~[na:na]
	at org.springframework.boot.devtools.restart.RestartLauncher.run(RestartLauncher.java:49) ~[spring-boot-devtools-2.7.10.jar:2.7.10]
Caused by: java.io.FileNotFoundException: class path resource [com/example/yoloq/elastic_services/PostSearchService.class] cannot be opened because it does not exist
	at org.springframework.core.io.ClassPathResource.getInputStream(ClassPathResource.java:199) ~[spring-core-5.3.26.jar:5.3.26]
	at org.springframework.core.type.classreading.SimpleMetadataReader.getClassReader(SimpleMetadataReader.java:55) ~[spring-core-5.3.26.jar:5.3.26]
	at org.springframework.core.type.classreading.SimpleMetadataReader.<init>(SimpleMetadataReader.java:48) ~[spring-core-5.3.26.jar:5.3.26]
	at org.springframework.core.type.classreading.SimpleMetadataReaderFactory.getMetadataReader(SimpleMetadataReaderFactory.java:103) ~[spring-core-5.3.26.jar:5.3.26]
	at org.springframework.boot.type.classreading.ConcurrentReferenceCachingMetadataReaderFactory.createMetadataReader(ConcurrentReferenceCachingMetadataReaderFactory.java:86) ~[spring-boot-2.7.10.jar:2.7.10]
	at org.springframework.boot.type.classreading.ConcurrentReferenceCachingMetadataReaderFactory.getMetadataReader(ConcurrentReferenceCachingMetadataReaderFactory.java:73) ~[spring-boot-2.7.10.jar:2.7.10]
	at org.springframework.core.type.classreading.SimpleMetadataReaderFactory.getMetadataReader(SimpleMetadataReaderFactory.java:81) ~[spring-core-5.3.26.jar:5.3.26]
	at org.springframework.context.annotation.ConfigurationClassParser.asSourceClass(ConfigurationClassParser.java:696) ~[spring-context-5.3.26.jar:5.3.26]
	at org.springframework.context.annotation.ConfigurationClassParser$SourceClass.getInterfaces(ConfigurationClassParser.java:1024) ~[spring-context-5.3.26.jar:5.3.26]
	at org.springframework.context.annotation.ConfigurationClassParser.processInterfaces(ConfigurationClassParser.java:385) ~[spring-context-5.3.26.jar:5.3.26]
	at org.springframework.context.annotation.ConfigurationClassParser.doProcessConfigurationClass(ConfigurationClassParser.java:331) ~[spring-context-5.3.26.jar:5.3.26]
	at org.springframework.context.annotation.ConfigurationClassParser.processConfigurationClass(ConfigurationClassParser.java:249) ~[spring-context-5.3.26.jar:5.3.26]
	at org.springframework.context.annotation.ConfigurationClassParser.parse(ConfigurationClassParser.java:198) ~[spring-context-5.3.26.jar:5.3.26]
	at org.springframework.context.annotation.ConfigurationClassParser.doProcessConfigurationClass(ConfigurationClassParser.java:303) ~[spring-context-5.3.26.jar:5.3.26]
	at org.springframework.context.annotation.ConfigurationClassParser.processConfigurationClass(ConfigurationClassParser.java:249) ~[spring-context-5.3.26.jar:5.3.26]
	at org.springframework.context.annotation.ConfigurationClassParser.parse(ConfigurationClassParser.java:206) ~[spring-context-5.3.26.jar:5.3.26]
	at org.springframework.context.annotation.ConfigurationClassParser.parse(ConfigurationClassParser.java:174) ~[spring-context-5.3.26.jar:5.3.26]
	... 16 common frames omitted

2024-07-01 11:33:29.116 ERROR 20812 --- [restartedMain] o.s.boot.SpringApplication               : Application run failed

org.springframework.beans.factory.BeanCreationException: Error creating bean with name 'postController': Resolution of declared constructors on bean Class [com.example.yoloq.controller.PostController] from ClassLoader [org.springframework.boot.devtools.restart.classloader.RestartClassLoader@77beeb0c] failed; nested exception is java.lang.NoClassDefFoundError: com/example/yoloq/elastic_services/PostSearchService
	at org.springframework.beans.factory.annotation.AutowiredAnnotationBeanPostProcessor.determineCandidateConstructors(AutowiredAnnotationBeanPostProcessor.java:309) ~[spring-beans-5.3.26.jar:5.3.26]
	at org.springframework.beans.factory.support.AbstractAutowireCapableBeanFactory.determineConstructorsFromBeanPostProcessors(AbstractAutowireCapableBeanFactory.java:1302) ~[spring-beans-5.3.26.jar:5.3.26]
	at org.springframework.beans.factory.support.AbstractAutowireCapableBeanFactory.createBeanInstance(AbstractAutowireCapableBeanFactory.java:1219) ~[spring-beans-5.3.26.jar:5.3.26]
	at org.springframework.beans.factory.support.AbstractAutowireCapableBeanFactory.doCreateBean(AbstractAutowireCapableBeanFactory.java:582) ~[spring-beans-5.3.26.jar:5.3.26]
	at org.springframework.beans.factory.support.AbstractAutowireCapableBeanFactory.createBean(AbstractAutowireCapableBeanFactory.java:542) ~[spring-beans-5.3.26.jar:5.3.26]
	at org.springframework.beans.factory.support.AbstractBeanFactory.lambda$doGetBean$0(AbstractBeanFactory.java:335) ~[spring-beans-5.3.26.jar:5.3.26]
	at org.springframework.beans.factory.support.DefaultSingletonBeanRegistry.getSingleton(DefaultSingletonBeanRegistry.java:234) ~[spring-beans-5.3.26.jar:5.3.26]
	at org.springframework.beans.factory.support.AbstractBeanFactory.doGetBean(AbstractBeanFactory.java:333) ~[spring-beans-5.3.26.jar:5.3.26]
	at org.springframework.beans.factory.support.AbstractBeanFactory.getBean(AbstractBeanFactory.java:208) ~[spring-beans-5.3.26.jar:5.3.26]
	at org.springframework.beans.factory.support.DefaultListableBeanFactory.preInstantiateSingletons(DefaultListableBeanFactory.java:955) ~[spring-beans-5.3.26.jar:5.3.26]
	at org.springframework.context.support.AbstractApplicationContext.finishBeanFactoryInitialization(AbstractApplicationContext.java:920) ~[spring-context-5.3.26.jar:5.3.26]
	at org.springframework.context.support.AbstractApplicationContext.refresh(AbstractApplicationContext.java:583) ~[spring-context-5.3.26.jar:5.3.26]
	at org.springframework.boot.web.servlet.context.ServletWebServerApplicationContext.refresh(ServletWebServerApplicationContext.java:147) ~[spring-boot-2.7.10.jar:2.7.10]
	at org.springframework.boot.SpringApplication.refresh(SpringApplication.java:731) ~[spring-boot-2.7.10.jar:2.7.10]
	at org.springframework.boot.SpringApplication.refreshContext(SpringApplication.java:408) ~[spring-boot-2.7.10.jar:2.7.10]
	at org.springframework.boot.SpringApplication.run(SpringApplication.java:307) ~[spring-boot-2.7.10.jar:2.7.10]
	at org.springframework.boot.SpringApplication.run(SpringApplication.java:1303) ~[spring-boot-2.7.10.jar:2.7.10]
	at org.springframework.boot.SpringApplication.run(SpringApplication.java:1292) ~[spring-boot-2.7.10.jar:2.7.10]
	at com.example.yoloq.YoloqApplication.main(YoloqApplication.java:10) ~[classes/:na]
	at java.base/jdk.internal.reflect.DirectMethodHandleAccessor.invoke(DirectMethodHandleAccessor.java:103) ~[na:na]
	at java.base/java.lang.reflect.Method.invoke(Method.java:580) ~[na:na]
	at org.springframework.boot.devtools.restart.RestartLauncher.run(RestartLauncher.java:49) ~[spring-boot-devtools-2.7.10.jar:2.7.10]
Caused by: java.lang.NoClassDefFoundError: com/example/yoloq/elastic_services/PostSearchService
	at java.base/java.lang.Class.getDeclaredConstructors0(Native Method) ~[na:na]
	at java.base/java.lang.Class.privateGetDeclaredConstructors(Class.java:3572) ~[na:na]
	at java.base/java.lang.Class.getDeclaredConstructors(Class.java:2737) ~[na:na]
	at org.springframework.beans.factory.annotation.AutowiredAnnotationBeanPostProcessor.determineCandidateConstructors(AutowiredAnnotationBeanPostProcessor.java:304) ~[spring-beans-5.3.26.jar:5.3.26]
	... 21 common frames omitted
Caused by: java.lang.ClassNotFoundException: com.example.yoloq.elastic_services.PostSearchService
	at java.base/jdk.internal.loader.BuiltinClassLoader.loadClass(BuiltinClassLoader.java:641) ~[na:na]
	at java.base/jdk.internal.loader.ClassLoaders$AppClassLoader.loadClass(ClassLoaders.java:188) ~[na:na]
	at java.base/java.lang.ClassLoader.loadClass(ClassLoader.java:525) ~[na:na]
	at java.base/java.lang.Class.forName0(Native Method) ~[na:na]
	at java.base/java.lang.Class.forName(Class.java:529) ~[na:na]
	at java.base/java.lang.Class.forName(Class.java:508) ~[na:na]
	at org.springframework.boot.devtools.restart.classloader.RestartClassLoader.loadClass(RestartClassLoader.java:145) ~[spring-boot-devtools-2.7.10.jar:2.7.10]
	at java.base/java.lang.ClassLoader.loadClass(ClassLoader.java:525) ~[na:na]
	... 25 common frames omitted

2024-07-01 11:37:44.664 ERROR 20812 --- [restartedMain] o.s.boot.SpringApplication               : Application run failed

java.lang.TypeNotPresentException: Type com.example.yoloq.elastic_models.PostDocument not present
	at java.base/sun.reflect.generics.factory.CoreReflectionFactory.makeNamedType(CoreReflectionFactory.java:116) ~[na:na]
	at java.base/sun.reflect.generics.visitor.Reifier.visitClassTypeSignature(Reifier.java:125) ~[na:na]
	at java.base/sun.reflect.generics.tree.ClassTypeSignature.accept(ClassTypeSignature.java:49) ~[na:na]
	at java.base/sun.reflect.generics.visitor.Reifier.reifyTypeArguments(Reifier.java:68) ~[na:na]
	at java.base/sun.reflect.generics.visitor.Reifier.visitClassTypeSignature(Reifier.java:138) ~[na:na]
	at java.base/sun.reflect.generics.tree.ClassTypeSignature.accept(ClassTypeSignature.java:49) ~[na:na]
	at java.base/sun.reflect.generics.repository.ClassRepository.computeSuperInterfaces(ClassRepository.java:117) ~[na:na]
	at java.base/sun.reflect.generics.repository.ClassRepository.getSuperInterfaces(ClassRepository.java:95) ~[na:na]
	at java.base/java.lang.Class.getGenericInterfaces(Class.java:1336) ~[na:na]
	at org.springframework.core.ResolvableType.getInterfaces(ResolvableType.java:501) ~[spring-core-5.3.26.jar:5.3.26]
	at org.springframework.core.GenericTypeResolver.buildTypeVariableMap(GenericTypeResolver.java:271) ~[spring-core-5.3.26.jar:5.3.26]
	at org.springframework.core.GenericTypeResolver.getTypeVariableMap(GenericTypeResolver.java:248) ~[spring-core-5.3.26.jar:5.3.26]
	at org.springframework.data.util.ClassTypeInformation.getTypeVariableMap(ClassTypeInformation.java:120) ~[spring-data-commons-2.7.10.jar:2.7.10]
	at org.springframework.data.util.ClassTypeInformation.getTypeVariableMap(ClassTypeInformation.java:109) ~[spring-data-commons-2.7.10.jar:2.7.10]
	at org.springframework.data.util.ClassTypeInformation.<init>(ClassTypeInformation.java:96) ~[spring-data-commons-2.7.10.jar:2.7.10]
	at java.base/java.util.concurrent.ConcurrentMap.computeIfAbsent(ConcurrentMap.java:330) ~[na:na]
	at org.springframework.data.util.ClassTypeInformation.from(ClassTypeInformation.java:73) ~[spring-data-commons-2.7.10.jar:2.7.10]
	at org.springframework.data.repository.core.support.AbstractRepositoryMetadata.<init>(AbstractRepositoryMetadata.java:63) ~[spring-data-commons-2.7.10.jar:2.7.10]
	at org.springframework.data.repository.core.support.DefaultRepositoryMetadata.<init>(DefaultRepositoryMetadata.java:50) ~[spring-data-commons-2.7.10.jar:2.7.10]
	at org.springframework.data.repository.core.support.AbstractRepositoryMetadata.getMetadata(AbstractRepositoryMetadata.java:78) ~[spring-data-commons-2.7.10.jar:2.7.10]
	at org.springframework.data.repository.config.RepositoryConfigurationExtensionSupport.getRepositoryConfigurations(RepositoryConfigurationExtensionSupport.java:104) ~[spring-data-commons-2.7.10.jar:2.7.10]
	at org.springframework.data.repository.config.RepositoryConfigurationDelegate.registerRepositoriesIn(RepositoryConfigurationDelegate.java:159) ~[spring-data-commons-2.7.10.jar:2.7.10]
	at org.springframework.boot.autoconfigure.data.AbstractRepositoryConfigurationSourceSupport.registerBeanDefinitions(AbstractRepositoryConfigurationSourceSupport.java:62) ~[spring-boot-autoconfigure-2.7.10.jar:2.7.10]
	at org.springframework.context.annotation.ConfigurationClassBeanDefinitionReader.lambda$loadBeanDefinitionsFromRegistrars$1(ConfigurationClassBeanDefinitionReader.java:396) ~[spring-context-5.3.26.jar:5.3.26]
	at java.base/java.util.LinkedHashMap.forEach(LinkedHashMap.java:986) ~[na:na]
	at org.springframework.context.annotation.ConfigurationClassBeanDefinitionReader.loadBeanDefinitionsFromRegistrars(ConfigurationClassBeanDefinitionReader.java:395) ~[spring-context-5.3.26.jar:5.3.26]
	at org.springframework.context.annotation.ConfigurationClassBeanDefinitionReader.loadBeanDefinitionsForConfigurationClass(ConfigurationClassBeanDefinitionReader.java:157) ~[spring-context-5.3.26.jar:5.3.26]
	at org.springframework.context.annotation.ConfigurationClassBeanDefinitionReader.loadBeanDefinitions(ConfigurationClassBeanDefinitionReader.java:129) ~[spring-context-5.3.26.jar:5.3.26]
	at org.springframework.context.annotation.ConfigurationClassPostProcessor.processConfigBeanDefinitions(ConfigurationClassPostProcessor.java:343) ~[spring-context-5.3.26.jar:5.3.26]
	at org.springframework.context.annotation.ConfigurationClassPostProcessor.postProcessBeanDefinitionRegistry(ConfigurationClassPostProcessor.java:247) ~[spring-context-5.3.26.jar:5.3.26]
	at org.springframework.context.support.PostProcessorRegistrationDelegate.invokeBeanDefinitionRegistryPostProcessors(PostProcessorRegistrationDelegate.java:311) ~[spring-context-5.3.26.jar:5.3.26]
	at org.springframework.context.support.PostProcessorRegistrationDelegate.invokeBeanFactoryPostProcessors(PostProcessorRegistrationDelegate.java:112) ~[spring-context-5.3.26.jar:5.3.26]
	at org.springframework.context.support.AbstractApplicationContext.invokeBeanFactoryPostProcessors(AbstractApplicationContext.java:748) ~[spring-context-5.3.26.jar:5.3.26]
	at org.springframework.context.support.AbstractApplicationContext.refresh(AbstractApplicationContext.java:564) ~[spring-context-5.3.26.jar:5.3.26]
	at org.springframework.boot.web.servlet.context.ServletWebServerApplicationContext.refresh(ServletWebServerApplicationContext.java:147) ~[spring-boot-2.7.10.jar:2.7.10]
	at org.springframework.boot.SpringApplication.refresh(SpringApplication.java:731) ~[spring-boot-2.7.10.jar:2.7.10]
	at org.springframework.boot.SpringApplication.refreshContext(SpringApplication.java:408) ~[spring-boot-2.7.10.jar:2.7.10]
	at org.springframework.boot.SpringApplication.run(SpringApplication.java:307) ~[spring-boot-2.7.10.jar:2.7.10]
	at org.springframework.boot.SpringApplication.run(SpringApplication.java:1303) ~[spring-boot-2.7.10.jar:2.7.10]
	at org.springframework.boot.SpringApplication.run(SpringApplication.java:1292) ~[spring-boot-2.7.10.jar:2.7.10]
	at com.example.yoloq.YoloqApplication.main(YoloqApplication.java:10) ~[classes/:na]
	at java.base/jdk.internal.reflect.DirectMethodHandleAccessor.invoke(DirectMethodHandleAccessor.java:103) ~[na:na]
	at java.base/java.lang.reflect.Method.invoke(Method.java:580) ~[na:na]
	at org.springframework.boot.devtools.restart.RestartLauncher.run(RestartLauncher.java:49) ~[spring-boot-devtools-2.7.10.jar:2.7.10]
Caused by: java.lang.ClassNotFoundException: com.example.yoloq.elastic_models.PostDocument
	at java.base/jdk.internal.loader.BuiltinClassLoader.loadClass(BuiltinClassLoader.java:641) ~[na:na]
	at java.base/jdk.internal.loader.ClassLoaders$AppClassLoader.loadClass(ClassLoaders.java:188) ~[na:na]
	at java.base/java.lang.ClassLoader.loadClass(ClassLoader.java:525) ~[na:na]
	at java.base/java.lang.Class.forName0(Native Method) ~[na:na]
	at java.base/java.lang.Class.forName(Class.java:529) ~[na:na]
	at java.base/java.lang.Class.forName(Class.java:508) ~[na:na]
	at org.springframework.boot.devtools.restart.classloader.RestartClassLoader.loadClass(RestartClassLoader.java:145) ~[spring-boot-devtools-2.7.10.jar:2.7.10]
	at java.base/java.lang.ClassLoader.loadClass(ClassLoader.java:525) ~[na:na]
	at java.base/java.lang.Class.forName0(Native Method) ~[na:na]
	at java.base/java.lang.Class.forName(Class.java:529) ~[na:na]
	at java.base/java.lang.Class.forName(Class.java:508) ~[na:na]
	at java.base/sun.reflect.generics.factory.CoreReflectionFactory.makeNamedType(CoreReflectionFactory.java:113) ~[na:na]
	... 43 common frames omitted

2024-07-01 11:40:44.317 ERROR 24240 --- [restartedMain] o.s.boot.SpringApplication               : Application run failed

org.springframework.beans.factory.BeanCreationException: Error creating bean with name 'dataSourceScriptDatabaseInitializer' defined in class path resource [org/springframework/boot/autoconfigure/sql/init/DataSourceInitializationConfiguration.class]: Invocation of init method failed; nested exception is org.springframework.jdbc.datasource.init.ScriptStatementFailedException: Failed to execute SQL script statement #4 of URL [file:/C:/Users/mateja/Documents/yoloq-social-media-full-stack/yoloq/target/classes/data-mysql.txt]: insert into `group`(creation_date, description, is_deleted, is_suspended,name) vales('2023-05-21 22:59:01.285302', 'Test', false, false, 'Test'); nested exception is java.sql.SQLSyntaxErrorException: You have an error in your SQL syntax; check the manual that corresponds to your MySQL server version for the right syntax to use near 'vales('2023-05-21 22:59:01.285302', 'Test', false, false, 'Test')' at line 1
	at org.springframework.beans.factory.support.AbstractAutowireCapableBeanFactory.initializeBean(AbstractAutowireCapableBeanFactory.java:1804) ~[spring-beans-5.3.26.jar:5.3.26]
	at org.springframework.beans.factory.support.AbstractAutowireCapableBeanFactory.doCreateBean(AbstractAutowireCapableBeanFactory.java:620) ~[spring-beans-5.3.26.jar:5.3.26]
	at org.springframework.beans.factory.support.AbstractAutowireCapableBeanFactory.createBean(AbstractAutowireCapableBeanFactory.java:542) ~[spring-beans-5.3.26.jar:5.3.26]
	at org.springframework.beans.factory.support.AbstractBeanFactory.lambda$doGetBean$0(AbstractBeanFactory.java:335) ~[spring-beans-5.3.26.jar:5.3.26]
	at org.springframework.beans.factory.support.DefaultSingletonBeanRegistry.getSingleton(DefaultSingletonBeanRegistry.java:234) ~[spring-beans-5.3.26.jar:5.3.26]
	at org.springframework.beans.factory.support.AbstractBeanFactory.doGetBean(AbstractBeanFactory.java:333) ~[spring-beans-5.3.26.jar:5.3.26]
	at org.springframework.beans.factory.support.AbstractBeanFactory.getBean(AbstractBeanFactory.java:208) ~[spring-beans-5.3.26.jar:5.3.26]
	at org.springframework.beans.factory.support.AbstractBeanFactory.doGetBean(AbstractBeanFactory.java:322) ~[spring-beans-5.3.26.jar:5.3.26]
	at org.springframework.beans.factory.support.AbstractBeanFactory.getBean(AbstractBeanFactory.java:208) ~[spring-beans-5.3.26.jar:5.3.26]
	at org.springframework.beans.factory.support.DefaultListableBeanFactory.preInstantiateSingletons(DefaultListableBeanFactory.java:955) ~[spring-beans-5.3.26.jar:5.3.26]
	at org.springframework.context.support.AbstractApplicationContext.finishBeanFactoryInitialization(AbstractApplicationContext.java:920) ~[spring-context-5.3.26.jar:5.3.26]
	at org.springframework.context.support.AbstractApplicationContext.refresh(AbstractApplicationContext.java:583) ~[spring-context-5.3.26.jar:5.3.26]
	at org.springframework.boot.web.servlet.context.ServletWebServerApplicationContext.refresh(ServletWebServerApplicationContext.java:147) ~[spring-boot-2.7.10.jar:2.7.10]
	at org.springframework.boot.SpringApplication.refresh(SpringApplication.java:731) ~[spring-boot-2.7.10.jar:2.7.10]
	at org.springframework.boot.SpringApplication.refreshContext(SpringApplication.java:408) ~[spring-boot-2.7.10.jar:2.7.10]
	at org.springframework.boot.SpringApplication.run(SpringApplication.java:307) ~[spring-boot-2.7.10.jar:2.7.10]
	at org.springframework.boot.SpringApplication.run(SpringApplication.java:1303) ~[spring-boot-2.7.10.jar:2.7.10]
	at org.springframework.boot.SpringApplication.run(SpringApplication.java:1292) ~[spring-boot-2.7.10.jar:2.7.10]
	at com.example.yoloq.YoloqApplication.main(YoloqApplication.java:10) ~[classes/:na]
	at java.base/jdk.internal.reflect.DirectMethodHandleAccessor.invoke(DirectMethodHandleAccessor.java:103) ~[na:na]
	at java.base/java.lang.reflect.Method.invoke(Method.java:580) ~[na:na]
	at org.springframework.boot.devtools.restart.RestartLauncher.run(RestartLauncher.java:49) ~[spring-boot-devtools-2.7.10.jar:2.7.10]
Caused by: org.springframework.jdbc.datasource.init.ScriptStatementFailedException: Failed to execute SQL script statement #4 of URL [file:/C:/Users/mateja/Documents/yoloq-social-media-full-stack/yoloq/target/classes/data-mysql.txt]: insert into `group`(creation_date, description, is_deleted, is_suspended,name) vales('2023-05-21 22:59:01.285302', 'Test', false, false, 'Test'); nested exception is java.sql.SQLSyntaxErrorException: You have an error in your SQL syntax; check the manual that corresponds to your MySQL server version for the right syntax to use near 'vales('2023-05-21 22:59:01.285302', 'Test', false, false, 'Test')' at line 1
	at org.springframework.jdbc.datasource.init.ScriptUtils.executeSqlScript(ScriptUtils.java:282) ~[spring-jdbc-5.3.26.jar:5.3.26]
	at org.springframework.jdbc.datasource.init.ResourceDatabasePopulator.populate(ResourceDatabasePopulator.java:254) ~[spring-jdbc-5.3.26.jar:5.3.26]
	at org.springframework.jdbc.datasource.init.DatabasePopulatorUtils.execute(DatabasePopulatorUtils.java:54) ~[spring-jdbc-5.3.26.jar:5.3.26]
	at org.springframework.boot.jdbc.init.DataSourceScriptDatabaseInitializer.runScripts(DataSourceScriptDatabaseInitializer.java:90) ~[spring-boot-2.7.10.jar:2.7.10]
	at org.springframework.boot.sql.init.AbstractScriptDatabaseInitializer.runScripts(AbstractScriptDatabaseInitializer.java:145) ~[spring-boot-2.7.10.jar:2.7.10]
	at org.springframework.boot.sql.init.AbstractScriptDatabaseInitializer.applyScripts(AbstractScriptDatabaseInitializer.java:107) ~[spring-boot-2.7.10.jar:2.7.10]
	at org.springframework.boot.sql.init.AbstractScriptDatabaseInitializer.applyDataScripts(AbstractScriptDatabaseInitializer.java:101) ~[spring-boot-2.7.10.jar:2.7.10]
	at org.springframework.boot.sql.init.AbstractScriptDatabaseInitializer.initializeDatabase(AbstractScriptDatabaseInitializer.java:76) ~[spring-boot-2.7.10.jar:2.7.10]
	at org.springframework.boot.sql.init.AbstractScriptDatabaseInitializer.afterPropertiesSet(AbstractScriptDatabaseInitializer.java:65) ~[spring-boot-2.7.10.jar:2.7.10]
	at org.springframework.beans.factory.support.AbstractAutowireCapableBeanFactory.invokeInitMethods(AbstractAutowireCapableBeanFactory.java:1863) ~[spring-beans-5.3.26.jar:5.3.26]
	at org.springframework.beans.factory.support.AbstractAutowireCapableBeanFactory.initializeBean(AbstractAutowireCapableBeanFactory.java:1800) ~[spring-beans-5.3.26.jar:5.3.26]
	... 21 common frames omitted
Caused by: java.sql.SQLSyntaxErrorException: You have an error in your SQL syntax; check the manual that corresponds to your MySQL server version for the right syntax to use near 'vales('2023-05-21 22:59:01.285302', 'Test', false, false, 'Test')' at line 1
	at com.mysql.cj.jdbc.exceptions.SQLError.createSQLException(SQLError.java:120) ~[mysql-connector-j-8.0.32.jar:8.0.32]
	at com.mysql.cj.jdbc.exceptions.SQLExceptionsMapping.translateException(SQLExceptionsMapping.java:122) ~[mysql-connector-j-8.0.32.jar:8.0.32]
	at com.mysql.cj.jdbc.StatementImpl.executeInternal(StatementImpl.java:763) ~[mysql-connector-j-8.0.32.jar:8.0.32]
	at com.mysql.cj.jdbc.StatementImpl.execute(StatementImpl.java:648) ~[mysql-connector-j-8.0.32.jar:8.0.32]
	at com.zaxxer.hikari.pool.ProxyStatement.execute(ProxyStatement.java:94) ~[HikariCP-4.0.3.jar:na]
	at com.zaxxer.hikari.pool.HikariProxyStatement.execute(HikariProxyStatement.java) ~[HikariCP-4.0.3.jar:na]
	at org.springframework.jdbc.datasource.init.ScriptUtils.executeSqlScript(ScriptUtils.java:261) ~[spring-jdbc-5.3.26.jar:5.3.26]
	... 31 common frames omitted

2024-07-01 11:41:11.092 ERROR 19272 --- [restartedMain] o.s.boot.SpringApplication               : Application run failed

org.springframework.beans.factory.BeanCreationException: Error creating bean with name 'dataSourceScriptDatabaseInitializer' defined in class path resource [org/springframework/boot/autoconfigure/sql/init/DataSourceInitializationConfiguration.class]: Invocation of init method failed; nested exception is org.springframework.jdbc.datasource.init.ScriptStatementFailedException: Failed to execute SQL script statement #4 of URL [file:/C:/Users/mateja/Documents/yoloq-social-media-full-stack/yoloq/target/classes/data-mysql.txt]: insert into `group`(creation_date, description, is_deleted, is_suspended,name) vales('2023-05-21 22:59:01.285302', 'Test', false, false, 'Test'); nested exception is java.sql.SQLSyntaxErrorException: You have an error in your SQL syntax; check the manual that corresponds to your MySQL server version for the right syntax to use near 'vales('2023-05-21 22:59:01.285302', 'Test', false, false, 'Test')' at line 1
	at org.springframework.beans.factory.support.AbstractAutowireCapableBeanFactory.initializeBean(AbstractAutowireCapableBeanFactory.java:1804) ~[spring-beans-5.3.26.jar:5.3.26]
	at org.springframework.beans.factory.support.AbstractAutowireCapableBeanFactory.doCreateBean(AbstractAutowireCapableBeanFactory.java:620) ~[spring-beans-5.3.26.jar:5.3.26]
	at org.springframework.beans.factory.support.AbstractAutowireCapableBeanFactory.createBean(AbstractAutowireCapableBeanFactory.java:542) ~[spring-beans-5.3.26.jar:5.3.26]
	at org.springframework.beans.factory.support.AbstractBeanFactory.lambda$doGetBean$0(AbstractBeanFactory.java:335) ~[spring-beans-5.3.26.jar:5.3.26]
	at org.springframework.beans.factory.support.DefaultSingletonBeanRegistry.getSingleton(DefaultSingletonBeanRegistry.java:234) ~[spring-beans-5.3.26.jar:5.3.26]
	at org.springframework.beans.factory.support.AbstractBeanFactory.doGetBean(AbstractBeanFactory.java:333) ~[spring-beans-5.3.26.jar:5.3.26]
	at org.springframework.beans.factory.support.AbstractBeanFactory.getBean(AbstractBeanFactory.java:208) ~[spring-beans-5.3.26.jar:5.3.26]
	at org.springframework.beans.factory.support.AbstractBeanFactory.doGetBean(AbstractBeanFactory.java:322) ~[spring-beans-5.3.26.jar:5.3.26]
	at org.springframework.beans.factory.support.AbstractBeanFactory.getBean(AbstractBeanFactory.java:208) ~[spring-beans-5.3.26.jar:5.3.26]
	at org.springframework.beans.factory.support.DefaultListableBeanFactory.preInstantiateSingletons(DefaultListableBeanFactory.java:955) ~[spring-beans-5.3.26.jar:5.3.26]
	at org.springframework.context.support.AbstractApplicationContext.finishBeanFactoryInitialization(AbstractApplicationContext.java:920) ~[spring-context-5.3.26.jar:5.3.26]
	at org.springframework.context.support.AbstractApplicationContext.refresh(AbstractApplicationContext.java:583) ~[spring-context-5.3.26.jar:5.3.26]
	at org.springframework.boot.web.servlet.context.ServletWebServerApplicationContext.refresh(ServletWebServerApplicationContext.java:147) ~[spring-boot-2.7.10.jar:2.7.10]
	at org.springframework.boot.SpringApplication.refresh(SpringApplication.java:731) ~[spring-boot-2.7.10.jar:2.7.10]
	at org.springframework.boot.SpringApplication.refreshContext(SpringApplication.java:408) ~[spring-boot-2.7.10.jar:2.7.10]
	at org.springframework.boot.SpringApplication.run(SpringApplication.java:307) ~[spring-boot-2.7.10.jar:2.7.10]
	at org.springframework.boot.SpringApplication.run(SpringApplication.java:1303) ~[spring-boot-2.7.10.jar:2.7.10]
	at org.springframework.boot.SpringApplication.run(SpringApplication.java:1292) ~[spring-boot-2.7.10.jar:2.7.10]
	at com.example.yoloq.YoloqApplication.main(YoloqApplication.java:10) ~[classes/:na]
	at java.base/jdk.internal.reflect.DirectMethodHandleAccessor.invoke(DirectMethodHandleAccessor.java:103) ~[na:na]
	at java.base/java.lang.reflect.Method.invoke(Method.java:580) ~[na:na]
	at org.springframework.boot.devtools.restart.RestartLauncher.run(RestartLauncher.java:49) ~[spring-boot-devtools-2.7.10.jar:2.7.10]
Caused by: org.springframework.jdbc.datasource.init.ScriptStatementFailedException: Failed to execute SQL script statement #4 of URL [file:/C:/Users/mateja/Documents/yoloq-social-media-full-stack/yoloq/target/classes/data-mysql.txt]: insert into `group`(creation_date, description, is_deleted, is_suspended,name) vales('2023-05-21 22:59:01.285302', 'Test', false, false, 'Test'); nested exception is java.sql.SQLSyntaxErrorException: You have an error in your SQL syntax; check the manual that corresponds to your MySQL server version for the right syntax to use near 'vales('2023-05-21 22:59:01.285302', 'Test', false, false, 'Test')' at line 1
	at org.springframework.jdbc.datasource.init.ScriptUtils.executeSqlScript(ScriptUtils.java:282) ~[spring-jdbc-5.3.26.jar:5.3.26]
	at org.springframework.jdbc.datasource.init.ResourceDatabasePopulator.populate(ResourceDatabasePopulator.java:254) ~[spring-jdbc-5.3.26.jar:5.3.26]
	at org.springframework.jdbc.datasource.init.DatabasePopulatorUtils.execute(DatabasePopulatorUtils.java:54) ~[spring-jdbc-5.3.26.jar:5.3.26]
	at org.springframework.boot.jdbc.init.DataSourceScriptDatabaseInitializer.runScripts(DataSourceScriptDatabaseInitializer.java:90) ~[spring-boot-2.7.10.jar:2.7.10]
	at org.springframework.boot.sql.init.AbstractScriptDatabaseInitializer.runScripts(AbstractScriptDatabaseInitializer.java:145) ~[spring-boot-2.7.10.jar:2.7.10]
	at org.springframework.boot.sql.init.AbstractScriptDatabaseInitializer.applyScripts(AbstractScriptDatabaseInitializer.java:107) ~[spring-boot-2.7.10.jar:2.7.10]
	at org.springframework.boot.sql.init.AbstractScriptDatabaseInitializer.applyDataScripts(AbstractScriptDatabaseInitializer.java:101) ~[spring-boot-2.7.10.jar:2.7.10]
	at org.springframework.boot.sql.init.AbstractScriptDatabaseInitializer.initializeDatabase(AbstractScriptDatabaseInitializer.java:76) ~[spring-boot-2.7.10.jar:2.7.10]
	at org.springframework.boot.sql.init.AbstractScriptDatabaseInitializer.afterPropertiesSet(AbstractScriptDatabaseInitializer.java:65) ~[spring-boot-2.7.10.jar:2.7.10]
	at org.springframework.beans.factory.support.AbstractAutowireCapableBeanFactory.invokeInitMethods(AbstractAutowireCapableBeanFactory.java:1863) ~[spring-beans-5.3.26.jar:5.3.26]
	at org.springframework.beans.factory.support.AbstractAutowireCapableBeanFactory.initializeBean(AbstractAutowireCapableBeanFactory.java:1800) ~[spring-beans-5.3.26.jar:5.3.26]
	... 21 common frames omitted
Caused by: java.sql.SQLSyntaxErrorException: You have an error in your SQL syntax; check the manual that corresponds to your MySQL server version for the right syntax to use near 'vales('2023-05-21 22:59:01.285302', 'Test', false, false, 'Test')' at line 1
	at com.mysql.cj.jdbc.exceptions.SQLError.createSQLException(SQLError.java:120) ~[mysql-connector-j-8.0.32.jar:8.0.32]
	at com.mysql.cj.jdbc.exceptions.SQLExceptionsMapping.translateException(SQLExceptionsMapping.java:122) ~[mysql-connector-j-8.0.32.jar:8.0.32]
	at com.mysql.cj.jdbc.StatementImpl.executeInternal(StatementImpl.java:763) ~[mysql-connector-j-8.0.32.jar:8.0.32]
	at com.mysql.cj.jdbc.StatementImpl.execute(StatementImpl.java:648) ~[mysql-connector-j-8.0.32.jar:8.0.32]
	at com.zaxxer.hikari.pool.ProxyStatement.execute(ProxyStatement.java:94) ~[HikariCP-4.0.3.jar:na]
	at com.zaxxer.hikari.pool.HikariProxyStatement.execute(HikariProxyStatement.java) ~[HikariCP-4.0.3.jar:na]
	at org.springframework.jdbc.datasource.init.ScriptUtils.executeSqlScript(ScriptUtils.java:261) ~[spring-jdbc-5.3.26.jar:5.3.26]
	... 31 common frames omitted

2024-07-01 11:51:13.848 ERROR 12552 --- [http-nio-8080-exec-4] o.a.c.c.C.[.[.[/].[dispatcherServlet]    : Servlet.service() for servlet [dispatcherServlet] in context with path [] threw exception

org.springframework.security.core.userdetails.UsernameNotFoundException: Email or password are incorrect!
	at com.example.yoloq.service.impl.UserDetailsServiceImpl.loadUserByUsername(UserDetailsServiceImpl.java:29) ~[classes/:na]
	at com.example.yoloq.security.AuthenticationTokenFilter.doFilterInternal(AuthenticationTokenFilter.java:43) ~[classes/:na]
	at org.springframework.web.filter.OncePerRequestFilter.doFilter(OncePerRequestFilter.java:117) ~[spring-web-5.3.26.jar:5.3.26]
	at org.springframework.security.web.FilterChainProxy$VirtualFilterChain.doFilter(FilterChainProxy.java:346) ~[spring-security-web-5.7.7.jar:5.7.7]
	at org.springframework.security.web.authentication.logout.LogoutFilter.doFilter(LogoutFilter.java:103) ~[spring-security-web-5.7.7.jar:5.7.7]
	at org.springframework.security.web.authentication.logout.LogoutFilter.doFilter(LogoutFilter.java:89) ~[spring-security-web-5.7.7.jar:5.7.7]
	at org.springframework.security.web.FilterChainProxy$VirtualFilterChain.doFilter(FilterChainProxy.java:346) ~[spring-security-web-5.7.7.jar:5.7.7]
	at org.springframework.web.filter.CorsFilter.doFilterInternal(CorsFilter.java:91) ~[spring-web-5.3.26.jar:5.3.26]
	at org.springframework.web.filter.OncePerRequestFilter.doFilter(OncePerRequestFilter.java:117) ~[spring-web-5.3.26.jar:5.3.26]
	at org.springframework.security.web.FilterChainProxy$VirtualFilterChain.doFilter(FilterChainProxy.java:346) ~[spring-security-web-5.7.7.jar:5.7.7]
	at org.springframework.security.web.header.HeaderWriterFilter.doHeadersAfter(HeaderWriterFilter.java:90) ~[spring-security-web-5.7.7.jar:5.7.7]
	at org.springframework.security.web.header.HeaderWriterFilter.doFilterInternal(HeaderWriterFilter.java:75) ~[spring-security-web-5.7.7.jar:5.7.7]
	at org.springframework.web.filter.OncePerRequestFilter.doFilter(OncePerRequestFilter.java:117) ~[spring-web-5.3.26.jar:5.3.26]
	at org.springframework.security.web.FilterChainProxy$VirtualFilterChain.doFilter(FilterChainProxy.java:346) ~[spring-security-web-5.7.7.jar:5.7.7]
	at org.springframework.security.web.context.SecurityContextPersistenceFilter.doFilter(SecurityContextPersistenceFilter.java:112) ~[spring-security-web-5.7.7.jar:5.7.7]
	at org.springframework.security.web.context.SecurityContextPersistenceFilter.doFilter(SecurityContextPersistenceFilter.java:82) ~[spring-security-web-5.7.7.jar:5.7.7]
	at org.springframework.security.web.FilterChainProxy$VirtualFilterChain.doFilter(FilterChainProxy.java:346) ~[spring-security-web-5.7.7.jar:5.7.7]
	at org.springframework.security.web.context.request.async.WebAsyncManagerIntegrationFilter.doFilterInternal(WebAsyncManagerIntegrationFilter.java:55) ~[spring-security-web-5.7.7.jar:5.7.7]
	at org.springframework.web.filter.OncePerRequestFilter.doFilter(OncePerRequestFilter.java:117) ~[spring-web-5.3.26.jar:5.3.26]
	at org.springframework.security.web.FilterChainProxy$VirtualFilterChain.doFilter(FilterChainProxy.java:346) ~[spring-security-web-5.7.7.jar:5.7.7]
	at org.springframework.security.web.session.DisableEncodeUrlFilter.doFilterInternal(DisableEncodeUrlFilter.java:42) ~[spring-security-web-5.7.7.jar:5.7.7]
	at org.springframework.web.filter.OncePerRequestFilter.doFilter(OncePerRequestFilter.java:117) ~[spring-web-5.3.26.jar:5.3.26]
	at org.springframework.security.web.FilterChainProxy$VirtualFilterChain.doFilter(FilterChainProxy.java:346) ~[spring-security-web-5.7.7.jar:5.7.7]
	at org.springframework.security.web.FilterChainProxy.doFilterInternal(FilterChainProxy.java:221) ~[spring-security-web-5.7.7.jar:5.7.7]
	at org.springframework.security.web.FilterChainProxy.doFilter(FilterChainProxy.java:186) ~[spring-security-web-5.7.7.jar:5.7.7]
	at org.springframework.web.filter.DelegatingFilterProxy.invokeDelegate(DelegatingFilterProxy.java:354) ~[spring-web-5.3.26.jar:5.3.26]
	at org.springframework.web.filter.DelegatingFilterProxy.doFilter(DelegatingFilterProxy.java:267) ~[spring-web-5.3.26.jar:5.3.26]
	at org.apache.catalina.core.ApplicationFilterChain.internalDoFilter(ApplicationFilterChain.java:178) ~[tomcat-embed-core-9.0.73.jar:9.0.73]
	at org.apache.catalina.core.ApplicationFilterChain.doFilter(ApplicationFilterChain.java:153) ~[tomcat-embed-core-9.0.73.jar:9.0.73]
	at org.springframework.web.filter.CharacterEncodingFilter.doFilterInternal(CharacterEncodingFilter.java:201) ~[spring-web-5.3.26.jar:5.3.26]
	at org.springframework.web.filter.OncePerRequestFilter.doFilter(OncePerRequestFilter.java:117) ~[spring-web-5.3.26.jar:5.3.26]
	at org.apache.catalina.core.ApplicationFilterChain.internalDoFilter(ApplicationFilterChain.java:178) ~[tomcat-embed-core-9.0.73.jar:9.0.73]
	at org.apache.catalina.core.ApplicationFilterChain.doFilter(ApplicationFilterChain.java:153) ~[tomcat-embed-core-9.0.73.jar:9.0.73]
	at org.apache.catalina.core.StandardWrapperValve.invoke(StandardWrapperValve.java:167) ~[tomcat-embed-core-9.0.73.jar:9.0.73]
	at org.apache.catalina.core.StandardContextValve.invoke(StandardContextValve.java:90) ~[tomcat-embed-core-9.0.73.jar:9.0.73]
	at org.apache.catalina.authenticator.AuthenticatorBase.invoke(AuthenticatorBase.java:492) ~[tomcat-embed-core-9.0.73.jar:9.0.73]
	at org.apache.catalina.core.StandardHostValve.invoke(StandardHostValve.java:130) ~[tomcat-embed-core-9.0.73.jar:9.0.73]
	at org.apache.catalina.valves.ErrorReportValve.invoke(ErrorReportValve.java:93) ~[tomcat-embed-core-9.0.73.jar:9.0.73]
	at org.apache.catalina.core.StandardEngineValve.invoke(StandardEngineValve.java:74) ~[tomcat-embed-core-9.0.73.jar:9.0.73]
	at org.apache.catalina.connector.CoyoteAdapter.service(CoyoteAdapter.java:343) ~[tomcat-embed-core-9.0.73.jar:9.0.73]
	at org.apache.coyote.http11.Http11Processor.service(Http11Processor.java:389) ~[tomcat-embed-core-9.0.73.jar:9.0.73]
	at org.apache.coyote.AbstractProcessorLight.process(AbstractProcessorLight.java:63) ~[tomcat-embed-core-9.0.73.jar:9.0.73]
	at org.apache.coyote.AbstractProtocol$ConnectionHandler.process(AbstractProtocol.java:926) ~[tomcat-embed-core-9.0.73.jar:9.0.73]
	at org.apache.tomcat.util.net.NioEndpoint$SocketProcessor.doRun(NioEndpoint.java:1791) ~[tomcat-embed-core-9.0.73.jar:9.0.73]
	at org.apache.tomcat.util.net.SocketProcessorBase.run(SocketProcessorBase.java:49) ~[tomcat-embed-core-9.0.73.jar:9.0.73]
	at org.apache.tomcat.util.threads.ThreadPoolExecutor.runWorker(ThreadPoolExecutor.java:1191) ~[tomcat-embed-core-9.0.73.jar:9.0.73]
	at org.apache.tomcat.util.threads.ThreadPoolExecutor$Worker.run(ThreadPoolExecutor.java:659) ~[tomcat-embed-core-9.0.73.jar:9.0.73]
	at org.apache.tomcat.util.threads.TaskThread$WrappingRunnable.run(TaskThread.java:61) ~[tomcat-embed-core-9.0.73.jar:9.0.73]
	at java.base/java.lang.Thread.run(Thread.java:1570) ~[na:na]

2024-07-01 11:51:13.848 ERROR 12552 --- [http-nio-8080-exec-5] o.a.c.c.C.[.[.[/].[dispatcherServlet]    : Servlet.service() for servlet [dispatcherServlet] in context with path [] threw exception

org.springframework.security.core.userdetails.UsernameNotFoundException: Email or password are incorrect!
	at com.example.yoloq.service.impl.UserDetailsServiceImpl.loadUserByUsername(UserDetailsServiceImpl.java:29) ~[classes/:na]
	at com.example.yoloq.security.AuthenticationTokenFilter.doFilterInternal(AuthenticationTokenFilter.java:43) ~[classes/:na]
	at org.springframework.web.filter.OncePerRequestFilter.doFilter(OncePerRequestFilter.java:117) ~[spring-web-5.3.26.jar:5.3.26]
	at org.springframework.security.web.FilterChainProxy$VirtualFilterChain.doFilter(FilterChainProxy.java:346) ~[spring-security-web-5.7.7.jar:5.7.7]
	at org.springframework.security.web.authentication.logout.LogoutFilter.doFilter(LogoutFilter.java:103) ~[spring-security-web-5.7.7.jar:5.7.7]
	at org.springframework.security.web.authentication.logout.LogoutFilter.doFilter(LogoutFilter.java:89) ~[spring-security-web-5.7.7.jar:5.7.7]
	at org.springframework.security.web.FilterChainProxy$VirtualFilterChain.doFilter(FilterChainProxy.java:346) ~[spring-security-web-5.7.7.jar:5.7.7]
	at org.springframework.web.filter.CorsFilter.doFilterInternal(CorsFilter.java:91) ~[spring-web-5.3.26.jar:5.3.26]
	at org.springframework.web.filter.OncePerRequestFilter.doFilter(OncePerRequestFilter.java:117) ~[spring-web-5.3.26.jar:5.3.26]
	at org.springframework.security.web.FilterChainProxy$VirtualFilterChain.doFilter(FilterChainProxy.java:346) ~[spring-security-web-5.7.7.jar:5.7.7]
	at org.springframework.security.web.header.HeaderWriterFilter.doHeadersAfter(HeaderWriterFilter.java:90) ~[spring-security-web-5.7.7.jar:5.7.7]
	at org.springframework.security.web.header.HeaderWriterFilter.doFilterInternal(HeaderWriterFilter.java:75) ~[spring-security-web-5.7.7.jar:5.7.7]
	at org.springframework.web.filter.OncePerRequestFilter.doFilter(OncePerRequestFilter.java:117) ~[spring-web-5.3.26.jar:5.3.26]
	at org.springframework.security.web.FilterChainProxy$VirtualFilterChain.doFilter(FilterChainProxy.java:346) ~[spring-security-web-5.7.7.jar:5.7.7]
	at org.springframework.security.web.context.SecurityContextPersistenceFilter.doFilter(SecurityContextPersistenceFilter.java:112) ~[spring-security-web-5.7.7.jar:5.7.7]
	at org.springframework.security.web.context.SecurityContextPersistenceFilter.doFilter(SecurityContextPersistenceFilter.java:82) ~[spring-security-web-5.7.7.jar:5.7.7]
	at org.springframework.security.web.FilterChainProxy$VirtualFilterChain.doFilter(FilterChainProxy.java:346) ~[spring-security-web-5.7.7.jar:5.7.7]
	at org.springframework.security.web.context.request.async.WebAsyncManagerIntegrationFilter.doFilterInternal(WebAsyncManagerIntegrationFilter.java:55) ~[spring-security-web-5.7.7.jar:5.7.7]
	at org.springframework.web.filter.OncePerRequestFilter.doFilter(OncePerRequestFilter.java:117) ~[spring-web-5.3.26.jar:5.3.26]
	at org.springframework.security.web.FilterChainProxy$VirtualFilterChain.doFilter(FilterChainProxy.java:346) ~[spring-security-web-5.7.7.jar:5.7.7]
	at org.springframework.security.web.session.DisableEncodeUrlFilter.doFilterInternal(DisableEncodeUrlFilter.java:42) ~[spring-security-web-5.7.7.jar:5.7.7]
	at org.springframework.web.filter.OncePerRequestFilter.doFilter(OncePerRequestFilter.java:117) ~[spring-web-5.3.26.jar:5.3.26]
	at org.springframework.security.web.FilterChainProxy$VirtualFilterChain.doFilter(FilterChainProxy.java:346) ~[spring-security-web-5.7.7.jar:5.7.7]
	at org.springframework.security.web.FilterChainProxy.doFilterInternal(FilterChainProxy.java:221) ~[spring-security-web-5.7.7.jar:5.7.7]
	at org.springframework.security.web.FilterChainProxy.doFilter(FilterChainProxy.java:186) ~[spring-security-web-5.7.7.jar:5.7.7]
	at org.springframework.web.filter.DelegatingFilterProxy.invokeDelegate(DelegatingFilterProxy.java:354) ~[spring-web-5.3.26.jar:5.3.26]
	at org.springframework.web.filter.DelegatingFilterProxy.doFilter(DelegatingFilterProxy.java:267) ~[spring-web-5.3.26.jar:5.3.26]
	at org.apache.catalina.core.ApplicationFilterChain.internalDoFilter(ApplicationFilterChain.java:178) ~[tomcat-embed-core-9.0.73.jar:9.0.73]
	at org.apache.catalina.core.ApplicationFilterChain.doFilter(ApplicationFilterChain.java:153) ~[tomcat-embed-core-9.0.73.jar:9.0.73]
	at org.springframework.web.filter.CharacterEncodingFilter.doFilterInternal(CharacterEncodingFilter.java:201) ~[spring-web-5.3.26.jar:5.3.26]
	at org.springframework.web.filter.OncePerRequestFilter.doFilter(OncePerRequestFilter.java:117) ~[spring-web-5.3.26.jar:5.3.26]
	at org.apache.catalina.core.ApplicationFilterChain.internalDoFilter(ApplicationFilterChain.java:178) ~[tomcat-embed-core-9.0.73.jar:9.0.73]
	at org.apache.catalina.core.ApplicationFilterChain.doFilter(ApplicationFilterChain.java:153) ~[tomcat-embed-core-9.0.73.jar:9.0.73]
	at org.apache.catalina.core.StandardWrapperValve.invoke(StandardWrapperValve.java:167) ~[tomcat-embed-core-9.0.73.jar:9.0.73]
	at org.apache.catalina.core.StandardContextValve.invoke(StandardContextValve.java:90) ~[tomcat-embed-core-9.0.73.jar:9.0.73]
	at org.apache.catalina.authenticator.AuthenticatorBase.invoke(AuthenticatorBase.java:492) ~[tomcat-embed-core-9.0.73.jar:9.0.73]
	at org.apache.catalina.core.StandardHostValve.invoke(StandardHostValve.java:130) ~[tomcat-embed-core-9.0.73.jar:9.0.73]
	at org.apache.catalina.valves.ErrorReportValve.invoke(ErrorReportValve.java:93) ~[tomcat-embed-core-9.0.73.jar:9.0.73]
	at org.apache.catalina.core.StandardEngineValve.invoke(StandardEngineValve.java:74) ~[tomcat-embed-core-9.0.73.jar:9.0.73]
	at org.apache.catalina.connector.CoyoteAdapter.service(CoyoteAdapter.java:343) ~[tomcat-embed-core-9.0.73.jar:9.0.73]
	at org.apache.coyote.http11.Http11Processor.service(Http11Processor.java:389) ~[tomcat-embed-core-9.0.73.jar:9.0.73]
	at org.apache.coyote.AbstractProcessorLight.process(AbstractProcessorLight.java:63) ~[tomcat-embed-core-9.0.73.jar:9.0.73]
	at org.apache.coyote.AbstractProtocol$ConnectionHandler.process(AbstractProtocol.java:926) ~[tomcat-embed-core-9.0.73.jar:9.0.73]
	at org.apache.tomcat.util.net.NioEndpoint$SocketProcessor.doRun(NioEndpoint.java:1791) ~[tomcat-embed-core-9.0.73.jar:9.0.73]
	at org.apache.tomcat.util.net.SocketProcessorBase.run(SocketProcessorBase.java:49) ~[tomcat-embed-core-9.0.73.jar:9.0.73]
	at org.apache.tomcat.util.threads.ThreadPoolExecutor.runWorker(ThreadPoolExecutor.java:1191) ~[tomcat-embed-core-9.0.73.jar:9.0.73]
	at org.apache.tomcat.util.threads.ThreadPoolExecutor$Worker.run(ThreadPoolExecutor.java:659) ~[tomcat-embed-core-9.0.73.jar:9.0.73]
	at org.apache.tomcat.util.threads.TaskThread$WrappingRunnable.run(TaskThread.java:61) ~[tomcat-embed-core-9.0.73.jar:9.0.73]
	at java.base/java.lang.Thread.run(Thread.java:1570) ~[na:na]

2024-07-01 11:51:13.848 ERROR 12552 --- [http-nio-8080-exec-6] o.a.c.c.C.[.[.[/].[dispatcherServlet]    : Servlet.service() for servlet [dispatcherServlet] in context with path [] threw exception

org.springframework.security.core.userdetails.UsernameNotFoundException: Email or password are incorrect!
	at com.example.yoloq.service.impl.UserDetailsServiceImpl.loadUserByUsername(UserDetailsServiceImpl.java:29) ~[classes/:na]
	at com.example.yoloq.security.AuthenticationTokenFilter.doFilterInternal(AuthenticationTokenFilter.java:43) ~[classes/:na]
	at org.springframework.web.filter.OncePerRequestFilter.doFilter(OncePerRequestFilter.java:117) ~[spring-web-5.3.26.jar:5.3.26]
	at org.springframework.security.web.FilterChainProxy$VirtualFilterChain.doFilter(FilterChainProxy.java:346) ~[spring-security-web-5.7.7.jar:5.7.7]
	at org.springframework.security.web.authentication.logout.LogoutFilter.doFilter(LogoutFilter.java:103) ~[spring-security-web-5.7.7.jar:5.7.7]
	at org.springframework.security.web.authentication.logout.LogoutFilter.doFilter(LogoutFilter.java:89) ~[spring-security-web-5.7.7.jar:5.7.7]
	at org.springframework.security.web.FilterChainProxy$VirtualFilterChain.doFilter(FilterChainProxy.java:346) ~[spring-security-web-5.7.7.jar:5.7.7]
	at org.springframework.web.filter.CorsFilter.doFilterInternal(CorsFilter.java:91) ~[spring-web-5.3.26.jar:5.3.26]
	at org.springframework.web.filter.OncePerRequestFilter.doFilter(OncePerRequestFilter.java:117) ~[spring-web-5.3.26.jar:5.3.26]
	at org.springframework.security.web.FilterChainProxy$VirtualFilterChain.doFilter(FilterChainProxy.java:346) ~[spring-security-web-5.7.7.jar:5.7.7]
	at org.springframework.security.web.header.HeaderWriterFilter.doHeadersAfter(HeaderWriterFilter.java:90) ~[spring-security-web-5.7.7.jar:5.7.7]
	at org.springframework.security.web.header.HeaderWriterFilter.doFilterInternal(HeaderWriterFilter.java:75) ~[spring-security-web-5.7.7.jar:5.7.7]
	at org.springframework.web.filter.OncePerRequestFilter.doFilter(OncePerRequestFilter.java:117) ~[spring-web-5.3.26.jar:5.3.26]
	at org.springframework.security.web.FilterChainProxy$VirtualFilterChain.doFilter(FilterChainProxy.java:346) ~[spring-security-web-5.7.7.jar:5.7.7]
	at org.springframework.security.web.context.SecurityContextPersistenceFilter.doFilter(SecurityContextPersistenceFilter.java:112) ~[spring-security-web-5.7.7.jar:5.7.7]
	at org.springframework.security.web.context.SecurityContextPersistenceFilter.doFilter(SecurityContextPersistenceFilter.java:82) ~[spring-security-web-5.7.7.jar:5.7.7]
	at org.springframework.security.web.FilterChainProxy$VirtualFilterChain.doFilter(FilterChainProxy.java:346) ~[spring-security-web-5.7.7.jar:5.7.7]
	at org.springframework.security.web.context.request.async.WebAsyncManagerIntegrationFilter.doFilterInternal(WebAsyncManagerIntegrationFilter.java:55) ~[spring-security-web-5.7.7.jar:5.7.7]
	at org.springframework.web.filter.OncePerRequestFilter.doFilter(OncePerRequestFilter.java:117) ~[spring-web-5.3.26.jar:5.3.26]
	at org.springframework.security.web.FilterChainProxy$VirtualFilterChain.doFilter(FilterChainProxy.java:346) ~[spring-security-web-5.7.7.jar:5.7.7]
	at org.springframework.security.web.session.DisableEncodeUrlFilter.doFilterInternal(DisableEncodeUrlFilter.java:42) ~[spring-security-web-5.7.7.jar:5.7.7]
	at org.springframework.web.filter.OncePerRequestFilter.doFilter(OncePerRequestFilter.java:117) ~[spring-web-5.3.26.jar:5.3.26]
	at org.springframework.security.web.FilterChainProxy$VirtualFilterChain.doFilter(FilterChainProxy.java:346) ~[spring-security-web-5.7.7.jar:5.7.7]
	at org.springframework.security.web.FilterChainProxy.doFilterInternal(FilterChainProxy.java:221) ~[spring-security-web-5.7.7.jar:5.7.7]
	at org.springframework.security.web.FilterChainProxy.doFilter(FilterChainProxy.java:186) ~[spring-security-web-5.7.7.jar:5.7.7]
	at org.springframework.web.filter.DelegatingFilterProxy.invokeDelegate(DelegatingFilterProxy.java:354) ~[spring-web-5.3.26.jar:5.3.26]
	at org.springframework.web.filter.DelegatingFilterProxy.doFilter(DelegatingFilterProxy.java:267) ~[spring-web-5.3.26.jar:5.3.26]
	at org.apache.catalina.core.ApplicationFilterChain.internalDoFilter(ApplicationFilterChain.java:178) ~[tomcat-embed-core-9.0.73.jar:9.0.73]
	at org.apache.catalina.core.ApplicationFilterChain.doFilter(ApplicationFilterChain.java:153) ~[tomcat-embed-core-9.0.73.jar:9.0.73]
	at org.springframework.web.filter.CharacterEncodingFilter.doFilterInternal(CharacterEncodingFilter.java:201) ~[spring-web-5.3.26.jar:5.3.26]
	at org.springframework.web.filter.OncePerRequestFilter.doFilter(OncePerRequestFilter.java:117) ~[spring-web-5.3.26.jar:5.3.26]
	at org.apache.catalina.core.ApplicationFilterChain.internalDoFilter(ApplicationFilterChain.java:178) ~[tomcat-embed-core-9.0.73.jar:9.0.73]
	at org.apache.catalina.core.ApplicationFilterChain.doFilter(ApplicationFilterChain.java:153) ~[tomcat-embed-core-9.0.73.jar:9.0.73]
	at org.apache.catalina.core.StandardWrapperValve.invoke(StandardWrapperValve.java:167) ~[tomcat-embed-core-9.0.73.jar:9.0.73]
	at org.apache.catalina.core.StandardContextValve.invoke(StandardContextValve.java:90) ~[tomcat-embed-core-9.0.73.jar:9.0.73]
	at org.apache.catalina.authenticator.AuthenticatorBase.invoke(AuthenticatorBase.java:492) ~[tomcat-embed-core-9.0.73.jar:9.0.73]
	at org.apache.catalina.core.StandardHostValve.invoke(StandardHostValve.java:130) ~[tomcat-embed-core-9.0.73.jar:9.0.73]
	at org.apache.catalina.valves.ErrorReportValve.invoke(ErrorReportValve.java:93) ~[tomcat-embed-core-9.0.73.jar:9.0.73]
	at org.apache.catalina.core.StandardEngineValve.invoke(StandardEngineValve.java:74) ~[tomcat-embed-core-9.0.73.jar:9.0.73]
	at org.apache.catalina.connector.CoyoteAdapter.service(CoyoteAdapter.java:343) ~[tomcat-embed-core-9.0.73.jar:9.0.73]
	at org.apache.coyote.http11.Http11Processor.service(Http11Processor.java:389) ~[tomcat-embed-core-9.0.73.jar:9.0.73]
	at org.apache.coyote.AbstractProcessorLight.process(AbstractProcessorLight.java:63) ~[tomcat-embed-core-9.0.73.jar:9.0.73]
	at org.apache.coyote.AbstractProtocol$ConnectionHandler.process(AbstractProtocol.java:926) ~[tomcat-embed-core-9.0.73.jar:9.0.73]
	at org.apache.tomcat.util.net.NioEndpoint$SocketProcessor.doRun(NioEndpoint.java:1791) ~[tomcat-embed-core-9.0.73.jar:9.0.73]
	at org.apache.tomcat.util.net.SocketProcessorBase.run(SocketProcessorBase.java:49) ~[tomcat-embed-core-9.0.73.jar:9.0.73]
	at org.apache.tomcat.util.threads.ThreadPoolExecutor.runWorker(ThreadPoolExecutor.java:1191) ~[tomcat-embed-core-9.0.73.jar:9.0.73]
	at org.apache.tomcat.util.threads.ThreadPoolExecutor$Worker.run(ThreadPoolExecutor.java:659) ~[tomcat-embed-core-9.0.73.jar:9.0.73]
	at org.apache.tomcat.util.threads.TaskThread$WrappingRunnable.run(TaskThread.java:61) ~[tomcat-embed-core-9.0.73.jar:9.0.73]
	at java.base/java.lang.Thread.run(Thread.java:1570) ~[na:na]

2024-07-01 12:04:52.636 ERROR 16568 --- [restartedMain] o.s.b.d.LoggingFailureAnalysisReporter   : 

***************************
APPLICATION FAILED TO START
***************************

Description:

Parameter 0 of constructor in com.example.yoloq.controller.ReactionController required a bean of type 'com.example.yoloq.service.ReactionService' that could not be found.


Action:

Consider defining a bean of type 'com.example.yoloq.service.ReactionService' in your configuration.

2024-07-01 13:30:29.847 ERROR 21824 --- [restartedMain] o.s.b.d.LoggingFailureAnalysisReporter   : 

***************************
APPLICATION FAILED TO START
***************************

Description:

Parameter 1 of constructor in com.example.yoloq.controller.GroupController required a bean of type 'com.example.yoloq.elastic_services.GroupSearchService' that could not be found.


Action:

Consider defining a bean of type 'com.example.yoloq.elastic_services.GroupSearchService' in your configuration.

2024-07-01 14:28:12.598 ERROR 27944 --- [restartedMain] o.s.b.d.LoggingFailureAnalysisReporter   : 

***************************
APPLICATION FAILED TO START
***************************

Description:

Parameter 0 of constructor in com.example.yoloq.controller.ReactionController required a bean of type 'com.example.yoloq.service.ReactionService' that could not be found.


Action:

Consider defining a bean of type 'com.example.yoloq.service.ReactionService' in your configuration.

2024-07-01 14:28:18.540 ERROR 27944 --- [restartedMain] o.s.boot.SpringApplication               : Application run failed

org.springframework.beans.factory.UnsatisfiedDependencyException: Error creating bean with name 'commentController' defined in file [C:\Users\mateja\Documents\yoloq-social-media-full-stack\yoloq\target\classes\com\example\yoloq\controller\CommentController.class]: Unsatisfied dependency expressed through constructor parameter 0; nested exception is org.springframework.beans.factory.UnsatisfiedDependencyException: Error creating bean with name 'commentServiceImpl' defined in file [C:\Users\mateja\Documents\yoloq-social-media-full-stack\yoloq\target\classes\com\example\yoloq\service\impl\CommentServiceImpl.class]: Unsatisfied dependency expressed through constructor parameter 3; nested exception is org.springframework.beans.factory.UnsatisfiedDependencyException: Error creating bean with name 'postServiceImpl' defined in file [C:\Users\mateja\Documents\yoloq-social-media-full-stack\yoloq\target\classes\com\example\yoloq\service\impl\PostServiceImpl.class]: Unsatisfied dependency expressed through constructor parameter 5; nested exception is org.springframework.beans.factory.UnsatisfiedDependencyException: Error creating bean with name 'groupServiceImpl' defined in file [C:\Users\mateja\Documents\yoloq-social-media-full-stack\yoloq\target\classes\com\example\yoloq\service\impl\GroupServiceImpl.class]: Unsatisfied dependency expressed through constructor parameter 5; nested exception is org.springframework.beans.factory.UnsatisfiedDependencyException: Error creating bean with name 'groupIndexingServiceImpl' defined in file [C:\Users\mateja\Documents\yoloq-social-media-full-stack\yoloq\target\classes\com\example\yoloq\elastic_services\impl\GroupIndexingServiceImpl.class]: Unsatisfied dependency expressed through constructor parameter 0; nested exception is org.springframework.beans.factory.BeanCreationException: Error creating bean with name 'groupDocumentRepository' defined in com.example.yoloq.elastic_repository.GroupDocumentRepository defined in @EnableElasticsearchRepositories declared on ElasticsearchRepositoriesRegistrar.EnableElasticsearchRepositoriesConfiguration: Invocation of init method failed; nested exception is org.springframework.beans.BeanInstantiationException: Failed to instantiate [org.springframework.data.elasticsearch.repository.support.SimpleElasticsearchRepository]: Constructor threw exception; nested exception is org.springframework.dao.DataAccessResourceFailureException: Connection is closed; nested exception is java.lang.RuntimeException: Connection is closed
	at org.springframework.beans.factory.support.ConstructorResolver.createArgumentArray(ConstructorResolver.java:800) ~[spring-beans-5.3.26.jar:5.3.26]
	at org.springframework.beans.factory.support.ConstructorResolver.autowireConstructor(ConstructorResolver.java:229) ~[spring-beans-5.3.26.jar:5.3.26]
	at org.springframework.beans.factory.support.AbstractAutowireCapableBeanFactory.autowireConstructor(AbstractAutowireCapableBeanFactory.java:1372) ~[spring-beans-5.3.26.jar:5.3.26]
	at org.springframework.beans.factory.support.AbstractAutowireCapableBeanFactory.createBeanInstance(AbstractAutowireCapableBeanFactory.java:1222) ~[spring-beans-5.3.26.jar:5.3.26]
	at org.springframework.beans.factory.support.AbstractAutowireCapableBeanFactory.doCreateBean(AbstractAutowireCapableBeanFactory.java:582) ~[spring-beans-5.3.26.jar:5.3.26]
	at org.springframework.beans.factory.support.AbstractAutowireCapableBeanFactory.createBean(AbstractAutowireCapableBeanFactory.java:542) ~[spring-beans-5.3.26.jar:5.3.26]
	at org.springframework.beans.factory.support.AbstractBeanFactory.lambda$doGetBean$0(AbstractBeanFactory.java:335) ~[spring-beans-5.3.26.jar:5.3.26]
	at org.springframework.beans.factory.support.DefaultSingletonBeanRegistry.getSingleton(DefaultSingletonBeanRegistry.java:234) ~[spring-beans-5.3.26.jar:5.3.26]
	at org.springframework.beans.factory.support.AbstractBeanFactory.doGetBean(AbstractBeanFactory.java:333) ~[spring-beans-5.3.26.jar:5.3.26]
	at org.springframework.beans.factory.support.AbstractBeanFactory.getBean(AbstractBeanFactory.java:208) ~[spring-beans-5.3.26.jar:5.3.26]
	at org.springframework.beans.factory.support.DefaultListableBeanFactory.preInstantiateSingletons(DefaultListableBeanFactory.java:955) ~[spring-beans-5.3.26.jar:5.3.26]
	at org.springframework.context.support.AbstractApplicationContext.finishBeanFactoryInitialization(AbstractApplicationContext.java:920) ~[spring-context-5.3.26.jar:5.3.26]
	at org.springframework.context.support.AbstractApplicationContext.refresh(AbstractApplicationContext.java:583) ~[spring-context-5.3.26.jar:5.3.26]
	at org.springframework.boot.web.servlet.context.ServletWebServerApplicationContext.refresh(ServletWebServerApplicationContext.java:147) ~[spring-boot-2.7.10.jar:2.7.10]
	at org.springframework.boot.SpringApplication.refresh(SpringApplication.java:731) ~[spring-boot-2.7.10.jar:2.7.10]
	at org.springframework.boot.SpringApplication.refreshContext(SpringApplication.java:408) ~[spring-boot-2.7.10.jar:2.7.10]
	at org.springframework.boot.SpringApplication.run(SpringApplication.java:307) ~[spring-boot-2.7.10.jar:2.7.10]
	at org.springframework.boot.SpringApplication.run(SpringApplication.java:1303) ~[spring-boot-2.7.10.jar:2.7.10]
	at org.springframework.boot.SpringApplication.run(SpringApplication.java:1292) ~[spring-boot-2.7.10.jar:2.7.10]
	at com.example.yoloq.YoloqApplication.main(YoloqApplication.java:10) ~[classes/:na]
	at java.base/jdk.internal.reflect.DirectMethodHandleAccessor.invoke(DirectMethodHandleAccessor.java:103) ~[na:na]
	at java.base/java.lang.reflect.Method.invoke(Method.java:580) ~[na:na]
	at org.springframework.boot.devtools.restart.RestartLauncher.run(RestartLauncher.java:49) ~[spring-boot-devtools-2.7.10.jar:2.7.10]
Caused by: org.springframework.beans.factory.UnsatisfiedDependencyException: Error creating bean with name 'commentServiceImpl' defined in file [C:\Users\mateja\Documents\yoloq-social-media-full-stack\yoloq\target\classes\com\example\yoloq\service\impl\CommentServiceImpl.class]: Unsatisfied dependency expressed through constructor parameter 3; nested exception is org.springframework.beans.factory.UnsatisfiedDependencyException: Error creating bean with name 'postServiceImpl' defined in file [C:\Users\mateja\Documents\yoloq-social-media-full-stack\yoloq\target\classes\com\example\yoloq\service\impl\PostServiceImpl.class]: Unsatisfied dependency expressed through constructor parameter 5; nested exception is org.springframework.beans.factory.UnsatisfiedDependencyException: Error creating bean with name 'groupServiceImpl' defined in file [C:\Users\mateja\Documents\yoloq-social-media-full-stack\yoloq\target\classes\com\example\yoloq\service\impl\GroupServiceImpl.class]: Unsatisfied dependency expressed through constructor parameter 5; nested exception is org.springframework.beans.factory.UnsatisfiedDependencyException: Error creating bean with name 'groupIndexingServiceImpl' defined in file [C:\Users\mateja\Documents\yoloq-social-media-full-stack\yoloq\target\classes\com\example\yoloq\elastic_services\impl\GroupIndexingServiceImpl.class]: Unsatisfied dependency expressed through constructor parameter 0; nested exception is org.springframework.beans.factory.BeanCreationException: Error creating bean with name 'groupDocumentRepository' defined in com.example.yoloq.elastic_repository.GroupDocumentRepository defined in @EnableElasticsearchRepositories declared on ElasticsearchRepositoriesRegistrar.EnableElasticsearchRepositoriesConfiguration: Invocation of init method failed; nested exception is org.springframework.beans.BeanInstantiationException: Failed to instantiate [org.springframework.data.elasticsearch.repository.support.SimpleElasticsearchRepository]: Constructor threw exception; nested exception is org.springframework.dao.DataAccessResourceFailureException: Connection is closed; nested exception is java.lang.RuntimeException: Connection is closed
	at org.springframework.beans.factory.support.ConstructorResolver.createArgumentArray(ConstructorResolver.java:800) ~[spring-beans-5.3.26.jar:5.3.26]
	at org.springframework.beans.factory.support.ConstructorResolver.autowireConstructor(ConstructorResolver.java:229) ~[spring-beans-5.3.26.jar:5.3.26]
	at org.springframework.beans.factory.support.AbstractAutowireCapableBeanFactory.autowireConstructor(AbstractAutowireCapableBeanFactory.java:1372) ~[spring-beans-5.3.26.jar:5.3.26]
	at org.springframework.beans.factory.support.AbstractAutowireCapableBeanFactory.createBeanInstance(AbstractAutowireCapableBeanFactory.java:1222) ~[spring-beans-5.3.26.jar:5.3.26]
	at org.springframework.beans.factory.support.AbstractAutowireCapableBeanFactory.doCreateBean(AbstractAutowireCapableBeanFactory.java:582) ~[spring-beans-5.3.26.jar:5.3.26]
	at org.springframework.beans.factory.support.AbstractAutowireCapableBeanFactory.createBean(AbstractAutowireCapableBeanFactory.java:542) ~[spring-beans-5.3.26.jar:5.3.26]
	at org.springframework.beans.factory.support.AbstractBeanFactory.lambda$doGetBean$0(AbstractBeanFactory.java:335) ~[spring-beans-5.3.26.jar:5.3.26]
	at org.springframework.beans.factory.support.DefaultSingletonBeanRegistry.getSingleton(DefaultSingletonBeanRegistry.java:234) ~[spring-beans-5.3.26.jar:5.3.26]
	at org.springframework.beans.factory.support.AbstractBeanFactory.doGetBean(AbstractBeanFactory.java:333) ~[spring-beans-5.3.26.jar:5.3.26]
	at org.springframework.beans.factory.support.AbstractBeanFactory.getBean(AbstractBeanFactory.java:208) ~[spring-beans-5.3.26.jar:5.3.26]
	at org.springframework.beans.factory.config.DependencyDescriptor.resolveCandidate(DependencyDescriptor.java:276) ~[spring-beans-5.3.26.jar:5.3.26]
	at org.springframework.beans.factory.support.DefaultListableBeanFactory.doResolveDependency(DefaultListableBeanFactory.java:1391) ~[spring-beans-5.3.26.jar:5.3.26]
	at org.springframework.beans.factory.support.DefaultListableBeanFactory.resolveDependency(DefaultListableBeanFactory.java:1311) ~[spring-beans-5.3.26.jar:5.3.26]
	at org.springframework.beans.factory.support.ConstructorResolver.resolveAutowiredArgument(ConstructorResolver.java:887) ~[spring-beans-5.3.26.jar:5.3.26]
	at org.springframework.beans.factory.support.ConstructorResolver.createArgumentArray(ConstructorResolver.java:791) ~[spring-beans-5.3.26.jar:5.3.26]
	... 22 common frames omitted
Caused by: org.springframework.beans.factory.UnsatisfiedDependencyException: Error creating bean with name 'postServiceImpl' defined in file [C:\Users\mateja\Documents\yoloq-social-media-full-stack\yoloq\target\classes\com\example\yoloq\service\impl\PostServiceImpl.class]: Unsatisfied dependency expressed through constructor parameter 5; nested exception is org.springframework.beans.factory.UnsatisfiedDependencyException: Error creating bean with name 'groupServiceImpl' defined in file [C:\Users\mateja\Documents\yoloq-social-media-full-stack\yoloq\target\classes\com\example\yoloq\service\impl\GroupServiceImpl.class]: Unsatisfied dependency expressed through constructor parameter 5; nested exception is org.springframework.beans.factory.UnsatisfiedDependencyException: Error creating bean with name 'groupIndexingServiceImpl' defined in file [C:\Users\mateja\Documents\yoloq-social-media-full-stack\yoloq\target\classes\com\example\yoloq\elastic_services\impl\GroupIndexingServiceImpl.class]: Unsatisfied dependency expressed through constructor parameter 0; nested exception is org.springframework.beans.factory.BeanCreationException: Error creating bean with name 'groupDocumentRepository' defined in com.example.yoloq.elastic_repository.GroupDocumentRepository defined in @EnableElasticsearchRepositories declared on ElasticsearchRepositoriesRegistrar.EnableElasticsearchRepositoriesConfiguration: Invocation of init method failed; nested exception is org.springframework.beans.BeanInstantiationException: Failed to instantiate [org.springframework.data.elasticsearch.repository.support.SimpleElasticsearchRepository]: Constructor threw exception; nested exception is org.springframework.dao.DataAccessResourceFailureException: Connection is closed; nested exception is java.lang.RuntimeException: Connection is closed
	at org.springframework.beans.factory.support.ConstructorResolver.createArgumentArray(ConstructorResolver.java:800) ~[spring-beans-5.3.26.jar:5.3.26]
	at org.springframework.beans.factory.support.ConstructorResolver.autowireConstructor(ConstructorResolver.java:229) ~[spring-beans-5.3.26.jar:5.3.26]
	at org.springframework.beans.factory.support.AbstractAutowireCapableBeanFactory.autowireConstructor(AbstractAutowireCapableBeanFactory.java:1372) ~[spring-beans-5.3.26.jar:5.3.26]
	at org.springframework.beans.factory.support.AbstractAutowireCapableBeanFactory.createBeanInstance(AbstractAutowireCapableBeanFactory.java:1222) ~[spring-beans-5.3.26.jar:5.3.26]
	at org.springframework.beans.factory.support.AbstractAutowireCapableBeanFactory.doCreateBean(AbstractAutowireCapableBeanFactory.java:582) ~[spring-beans-5.3.26.jar:5.3.26]
	at org.springframework.beans.factory.support.AbstractAutowireCapableBeanFactory.createBean(AbstractAutowireCapableBeanFactory.java:542) ~[spring-beans-5.3.26.jar:5.3.26]
	at org.springframework.beans.factory.support.AbstractBeanFactory.lambda$doGetBean$0(AbstractBeanFactory.java:335) ~[spring-beans-5.3.26.jar:5.3.26]
	at org.springframework.beans.factory.support.DefaultSingletonBeanRegistry.getSingleton(DefaultSingletonBeanRegistry.java:234) ~[spring-beans-5.3.26.jar:5.3.26]
	at org.springframework.beans.factory.support.AbstractBeanFactory.doGetBean(AbstractBeanFactory.java:333) ~[spring-beans-5.3.26.jar:5.3.26]
	at org.springframework.beans.factory.support.AbstractBeanFactory.getBean(AbstractBeanFactory.java:208) ~[spring-beans-5.3.26.jar:5.3.26]
	at org.springframework.beans.factory.config.DependencyDescriptor.resolveCandidate(DependencyDescriptor.java:276) ~[spring-beans-5.3.26.jar:5.3.26]
	at org.springframework.beans.factory.support.DefaultListableBeanFactory.doResolveDependency(DefaultListableBeanFactory.java:1391) ~[spring-beans-5.3.26.jar:5.3.26]
	at org.springframework.beans.factory.support.DefaultListableBeanFactory.resolveDependency(DefaultListableBeanFactory.java:1311) ~[spring-beans-5.3.26.jar:5.3.26]
	at org.springframework.beans.factory.support.ConstructorResolver.resolveAutowiredArgument(ConstructorResolver.java:887) ~[spring-beans-5.3.26.jar:5.3.26]
	at org.springframework.beans.factory.support.ConstructorResolver.createArgumentArray(ConstructorResolver.java:791) ~[spring-beans-5.3.26.jar:5.3.26]
	... 36 common frames omitted
Caused by: org.springframework.beans.factory.UnsatisfiedDependencyException: Error creating bean with name 'groupServiceImpl' defined in file [C:\Users\mateja\Documents\yoloq-social-media-full-stack\yoloq\target\classes\com\example\yoloq\service\impl\GroupServiceImpl.class]: Unsatisfied dependency expressed through constructor parameter 5; nested exception is org.springframework.beans.factory.UnsatisfiedDependencyException: Error creating bean with name 'groupIndexingServiceImpl' defined in file [C:\Users\mateja\Documents\yoloq-social-media-full-stack\yoloq\target\classes\com\example\yoloq\elastic_services\impl\GroupIndexingServiceImpl.class]: Unsatisfied dependency expressed through constructor parameter 0; nested exception is org.springframework.beans.factory.BeanCreationException: Error creating bean with name 'groupDocumentRepository' defined in com.example.yoloq.elastic_repository.GroupDocumentRepository defined in @EnableElasticsearchRepositories declared on ElasticsearchRepositoriesRegistrar.EnableElasticsearchRepositoriesConfiguration: Invocation of init method failed; nested exception is org.springframework.beans.BeanInstantiationException: Failed to instantiate [org.springframework.data.elasticsearch.repository.support.SimpleElasticsearchRepository]: Constructor threw exception; nested exception is org.springframework.dao.DataAccessResourceFailureException: Connection is closed; nested exception is java.lang.RuntimeException: Connection is closed
	at org.springframework.beans.factory.support.ConstructorResolver.createArgumentArray(ConstructorResolver.java:800) ~[spring-beans-5.3.26.jar:5.3.26]
	at org.springframework.beans.factory.support.ConstructorResolver.autowireConstructor(ConstructorResolver.java:229) ~[spring-beans-5.3.26.jar:5.3.26]
	at org.springframework.beans.factory.support.AbstractAutowireCapableBeanFactory.autowireConstructor(AbstractAutowireCapableBeanFactory.java:1372) ~[spring-beans-5.3.26.jar:5.3.26]
	at org.springframework.beans.factory.support.AbstractAutowireCapableBeanFactory.createBeanInstance(AbstractAutowireCapableBeanFactory.java:1222) ~[spring-beans-5.3.26.jar:5.3.26]
	at org.springframework.beans.factory.support.AbstractAutowireCapableBeanFactory.doCreateBean(AbstractAutowireCapableBeanFactory.java:582) ~[spring-beans-5.3.26.jar:5.3.26]
	at org.springframework.beans.factory.support.AbstractAutowireCapableBeanFactory.createBean(AbstractAutowireCapableBeanFactory.java:542) ~[spring-beans-5.3.26.jar:5.3.26]
	at org.springframework.beans.factory.support.AbstractBeanFactory.lambda$doGetBean$0(AbstractBeanFactory.java:335) ~[spring-beans-5.3.26.jar:5.3.26]
	at org.springframework.beans.factory.support.DefaultSingletonBeanRegistry.getSingleton(DefaultSingletonBeanRegistry.java:234) ~[spring-beans-5.3.26.jar:5.3.26]
	at org.springframework.beans.factory.support.AbstractBeanFactory.doGetBean(AbstractBeanFactory.java:333) ~[spring-beans-5.3.26.jar:5.3.26]
	at org.springframework.beans.factory.support.AbstractBeanFactory.getBean(AbstractBeanFactory.java:208) ~[spring-beans-5.3.26.jar:5.3.26]
	at org.springframework.beans.factory.config.DependencyDescriptor.resolveCandidate(DependencyDescriptor.java:276) ~[spring-beans-5.3.26.jar:5.3.26]
	at org.springframework.beans.factory.support.DefaultListableBeanFactory.doResolveDependency(DefaultListableBeanFactory.java:1391) ~[spring-beans-5.3.26.jar:5.3.26]
	at org.springframework.beans.factory.support.DefaultListableBeanFactory.resolveDependency(DefaultListableBeanFactory.java:1311) ~[spring-beans-5.3.26.jar:5.3.26]
	at org.springframework.beans.factory.support.ConstructorResolver.resolveAutowiredArgument(ConstructorResolver.java:887) ~[spring-beans-5.3.26.jar:5.3.26]
	at org.springframework.beans.factory.support.ConstructorResolver.createArgumentArray(ConstructorResolver.java:791) ~[spring-beans-5.3.26.jar:5.3.26]
	... 50 common frames omitted
Caused by: org.springframework.beans.factory.UnsatisfiedDependencyException: Error creating bean with name 'groupIndexingServiceImpl' defined in file [C:\Users\mateja\Documents\yoloq-social-media-full-stack\yoloq\target\classes\com\example\yoloq\elastic_services\impl\GroupIndexingServiceImpl.class]: Unsatisfied dependency expressed through constructor parameter 0; nested exception is org.springframework.beans.factory.BeanCreationException: Error creating bean with name 'groupDocumentRepository' defined in com.example.yoloq.elastic_repository.GroupDocumentRepository defined in @EnableElasticsearchRepositories declared on ElasticsearchRepositoriesRegistrar.EnableElasticsearchRepositoriesConfiguration: Invocation of init method failed; nested exception is org.springframework.beans.BeanInstantiationException: Failed to instantiate [org.springframework.data.elasticsearch.repository.support.SimpleElasticsearchRepository]: Constructor threw exception; nested exception is org.springframework.dao.DataAccessResourceFailureException: Connection is closed; nested exception is java.lang.RuntimeException: Connection is closed
	at org.springframework.beans.factory.support.ConstructorResolver.createArgumentArray(ConstructorResolver.java:800) ~[spring-beans-5.3.26.jar:5.3.26]
	at org.springframework.beans.factory.support.ConstructorResolver.autowireConstructor(ConstructorResolver.java:229) ~[spring-beans-5.3.26.jar:5.3.26]
	at org.springframework.beans.factory.support.AbstractAutowireCapableBeanFactory.autowireConstructor(AbstractAutowireCapableBeanFactory.java:1372) ~[spring-beans-5.3.26.jar:5.3.26]
	at org.springframework.beans.factory.support.AbstractAutowireCapableBeanFactory.createBeanInstance(AbstractAutowireCapableBeanFactory.java:1222) ~[spring-beans-5.3.26.jar:5.3.26]
	at org.springframework.beans.factory.support.AbstractAutowireCapableBeanFactory.doCreateBean(AbstractAutowireCapableBeanFactory.java:582) ~[spring-beans-5.3.26.jar:5.3.26]
	at org.springframework.beans.factory.support.AbstractAutowireCapableBeanFactory.createBean(AbstractAutowireCapableBeanFactory.java:542) ~[spring-beans-5.3.26.jar:5.3.26]
	at org.springframework.beans.factory.support.AbstractBeanFactory.lambda$doGetBean$0(AbstractBeanFactory.java:335) ~[spring-beans-5.3.26.jar:5.3.26]
	at org.springframework.beans.factory.support.DefaultSingletonBeanRegistry.getSingleton(DefaultSingletonBeanRegistry.java:234) ~[spring-beans-5.3.26.jar:5.3.26]
	at org.springframework.beans.factory.support.AbstractBeanFactory.doGetBean(AbstractBeanFactory.java:333) ~[spring-beans-5.3.26.jar:5.3.26]
	at org.springframework.beans.factory.support.AbstractBeanFactory.getBean(AbstractBeanFactory.java:208) ~[spring-beans-5.3.26.jar:5.3.26]
	at org.springframework.beans.factory.config.DependencyDescriptor.resolveCandidate(DependencyDescriptor.java:276) ~[spring-beans-5.3.26.jar:5.3.26]
	at org.springframework.beans.factory.support.DefaultListableBeanFactory.doResolveDependency(DefaultListableBeanFactory.java:1391) ~[spring-beans-5.3.26.jar:5.3.26]
	at org.springframework.beans.factory.support.DefaultListableBeanFactory.resolveDependency(DefaultListableBeanFactory.java:1311) ~[spring-beans-5.3.26.jar:5.3.26]
	at org.springframework.beans.factory.support.ConstructorResolver.resolveAutowiredArgument(ConstructorResolver.java:887) ~[spring-beans-5.3.26.jar:5.3.26]
	at org.springframework.beans.factory.support.ConstructorResolver.createArgumentArray(ConstructorResolver.java:791) ~[spring-beans-5.3.26.jar:5.3.26]
	... 64 common frames omitted
Caused by: org.springframework.beans.factory.BeanCreationException: Error creating bean with name 'groupDocumentRepository' defined in com.example.yoloq.elastic_repository.GroupDocumentRepository defined in @EnableElasticsearchRepositories declared on ElasticsearchRepositoriesRegistrar.EnableElasticsearchRepositoriesConfiguration: Invocation of init method failed; nested exception is org.springframework.beans.BeanInstantiationException: Failed to instantiate [org.springframework.data.elasticsearch.repository.support.SimpleElasticsearchRepository]: Constructor threw exception; nested exception is org.springframework.dao.DataAccessResourceFailureException: Connection is closed; nested exception is java.lang.RuntimeException: Connection is closed
	at org.springframework.beans.factory.support.AbstractAutowireCapableBeanFactory.initializeBean(AbstractAutowireCapableBeanFactory.java:1804) ~[spring-beans-5.3.26.jar:5.3.26]
	at org.springframework.beans.factory.support.AbstractAutowireCapableBeanFactory.doCreateBean(AbstractAutowireCapableBeanFactory.java:620) ~[spring-beans-5.3.26.jar:5.3.26]
	at org.springframework.beans.factory.support.AbstractAutowireCapableBeanFactory.createBean(AbstractAutowireCapableBeanFactory.java:542) ~[spring-beans-5.3.26.jar:5.3.26]
	at org.springframework.beans.factory.support.AbstractBeanFactory.lambda$doGetBean$0(AbstractBeanFactory.java:335) ~[spring-beans-5.3.26.jar:5.3.26]
	at org.springframework.beans.factory.support.DefaultSingletonBeanRegistry.getSingleton(DefaultSingletonBeanRegistry.java:234) ~[spring-beans-5.3.26.jar:5.3.26]
	at org.springframework.beans.factory.support.AbstractBeanFactory.doGetBean(AbstractBeanFactory.java:333) ~[spring-beans-5.3.26.jar:5.3.26]
	at org.springframework.beans.factory.support.AbstractBeanFactory.getBean(AbstractBeanFactory.java:208) ~[spring-beans-5.3.26.jar:5.3.26]
	at org.springframework.beans.factory.config.DependencyDescriptor.resolveCandidate(DependencyDescriptor.java:276) ~[spring-beans-5.3.26.jar:5.3.26]
	at org.springframework.beans.factory.support.DefaultListableBeanFactory.doResolveDependency(DefaultListableBeanFactory.java:1391) ~[spring-beans-5.3.26.jar:5.3.26]
	at org.springframework.beans.factory.support.DefaultListableBeanFactory.resolveDependency(DefaultListableBeanFactory.java:1311) ~[spring-beans-5.3.26.jar:5.3.26]
	at org.springframework.beans.factory.support.ConstructorResolver.resolveAutowiredArgument(ConstructorResolver.java:887) ~[spring-beans-5.3.26.jar:5.3.26]
	at org.springframework.beans.factory.support.ConstructorResolver.createArgumentArray(ConstructorResolver.java:791) ~[spring-beans-5.3.26.jar:5.3.26]
	... 78 common frames omitted
Caused by: org.springframework.beans.BeanInstantiationException: Failed to instantiate [org.springframework.data.elasticsearch.repository.support.SimpleElasticsearchRepository]: Constructor threw exception; nested exception is org.springframework.dao.DataAccessResourceFailureException: Connection is closed; nested exception is java.lang.RuntimeException: Connection is closed
	at org.springframework.beans.BeanUtils.instantiateClass(BeanUtils.java:224) ~[spring-beans-5.3.26.jar:5.3.26]
	at org.springframework.data.repository.core.support.RepositoryFactorySupport.lambda$instantiateClass$5(RepositoryFactorySupport.java:579) ~[spring-data-commons-2.7.10.jar:2.7.10]
	at java.base/java.util.Optional.map(Optional.java:260) ~[na:na]
	at org.springframework.data.repository.core.support.RepositoryFactorySupport.instantiateClass(RepositoryFactorySupport.java:579) ~[spring-data-commons-2.7.10.jar:2.7.10]
	at org.springframework.data.repository.core.support.RepositoryFactorySupport.getTargetRepositoryViaReflection(RepositoryFactorySupport.java:544) ~[spring-data-commons-2.7.10.jar:2.7.10]
	at org.springframework.data.elasticsearch.repository.support.ElasticsearchRepositoryFactory.getTargetRepository(ElasticsearchRepositoryFactory.java:74) ~[spring-data-elasticsearch-4.4.10.jar:4.4.10]
	at org.springframework.data.repository.core.support.RepositoryFactorySupport.getRepository(RepositoryFactorySupport.java:325) ~[spring-data-commons-2.7.10.jar:2.7.10]
	at org.springframework.data.repository.core.support.RepositoryFactoryBeanSupport.lambda$afterPropertiesSet$5(RepositoryFactoryBeanSupport.java:323) ~[spring-data-commons-2.7.10.jar:2.7.10]
	at org.springframework.data.util.Lazy.getNullable(Lazy.java:231) ~[spring-data-commons-2.7.10.jar:2.7.10]
	at org.springframework.data.util.Lazy.get(Lazy.java:115) ~[spring-data-commons-2.7.10.jar:2.7.10]
	at org.springframework.data.repository.core.support.RepositoryFactoryBeanSupport.afterPropertiesSet(RepositoryFactoryBeanSupport.java:329) ~[spring-data-commons-2.7.10.jar:2.7.10]
	at org.springframework.data.elasticsearch.repository.support.ElasticsearchRepositoryFactoryBean.afterPropertiesSet(ElasticsearchRepositoryFactoryBean.java:69) ~[spring-data-elasticsearch-4.4.10.jar:4.4.10]
	at org.springframework.beans.factory.support.AbstractAutowireCapableBeanFactory.invokeInitMethods(AbstractAutowireCapableBeanFactory.java:1863) ~[spring-beans-5.3.26.jar:5.3.26]
	at org.springframework.beans.factory.support.AbstractAutowireCapableBeanFactory.initializeBean(AbstractAutowireCapableBeanFactory.java:1800) ~[spring-beans-5.3.26.jar:5.3.26]
	... 89 common frames omitted
Caused by: org.springframework.dao.DataAccessResourceFailureException: Connection is closed; nested exception is java.lang.RuntimeException: Connection is closed
	at org.springframework.data.elasticsearch.client.elc.ElasticsearchExceptionTranslator.translateExceptionIfPossible(ElasticsearchExceptionTranslator.java:102) ~[spring-data-elasticsearch-4.4.10.jar:4.4.10]
	at org.springframework.data.elasticsearch.client.elc.ElasticsearchExceptionTranslator.translateException(ElasticsearchExceptionTranslator.java:63) ~[spring-data-elasticsearch-4.4.10.jar:4.4.10]
	at org.springframework.data.elasticsearch.client.elc.ChildTemplate.execute(ChildTemplate.java:72) ~[spring-data-elasticsearch-4.4.10.jar:4.4.10]
	at org.springframework.data.elasticsearch.client.elc.IndicesTemplate.doExists(IndicesTemplate.java:168) ~[spring-data-elasticsearch-4.4.10.jar:4.4.10]
	at org.springframework.data.elasticsearch.client.elc.IndicesTemplate.exists(IndicesTemplate.java:160) ~[spring-data-elasticsearch-4.4.10.jar:4.4.10]
	at org.springframework.data.elasticsearch.repository.support.SimpleElasticsearchRepository.<init>(SimpleElasticsearchRepository.java:87) ~[spring-data-elasticsearch-4.4.10.jar:4.4.10]
	at java.base/jdk.internal.reflect.DirectConstructorHandleAccessor.newInstance(DirectConstructorHandleAccessor.java:62) ~[na:na]
	at java.base/java.lang.reflect.Constructor.newInstanceWithCaller(Constructor.java:502) ~[na:na]
	at java.base/java.lang.reflect.Constructor.newInstance(Constructor.java:486) ~[na:na]
	at org.springframework.beans.BeanUtils.instantiateClass(BeanUtils.java:211) ~[spring-beans-5.3.26.jar:5.3.26]
	... 102 common frames omitted
Caused by: java.lang.RuntimeException: Connection is closed
	at org.springframework.data.elasticsearch.client.elc.ElasticsearchExceptionTranslator.translateException(ElasticsearchExceptionTranslator.java:62) ~[spring-data-elasticsearch-4.4.10.jar:4.4.10]
	... 110 common frames omitted
Caused by: org.apache.http.ConnectionClosedException: Connection is closed
	at org.elasticsearch.client.RestClient.extractAndWrapCause(RestClient.java:924) ~[elasticsearch-rest-client-8.14.0.jar:7.17.9]
	at org.elasticsearch.client.RestClient.performRequest(RestClient.java:304) ~[elasticsearch-rest-client-8.14.0.jar:7.17.9]
	at org.elasticsearch.client.RestClient.performRequest(RestClient.java:292) ~[elasticsearch-rest-client-8.14.0.jar:7.17.9]
	at co.elastic.clients.transport.rest_client.RestClientTransport.performRequest(RestClientTransport.java:152) ~[elasticsearch-java-7.17.9.jar:na]
	at co.elastic.clients.elasticsearch.indices.ElasticsearchIndicesClient.exists(ElasticsearchIndicesClient.java:587) ~[elasticsearch-java-7.17.9.jar:na]
	at org.springframework.data.elasticsearch.client.elc.IndicesTemplate.lambda$doExists$2(IndicesTemplate.java:168) ~[spring-data-elasticsearch-4.4.10.jar:4.4.10]
	at org.springframework.data.elasticsearch.client.elc.ChildTemplate.execute(ChildTemplate.java:70) ~[spring-data-elasticsearch-4.4.10.jar:4.4.10]
	... 109 common frames omitted
Caused by: org.apache.http.ConnectionClosedException: Connection is closed
	at org.apache.http.nio.protocol.HttpAsyncRequestExecutor.endOfInput(HttpAsyncRequestExecutor.java:356) ~[httpcore-nio-4.4.16.jar:4.4.16]
	at org.apache.http.impl.nio.DefaultNHttpClientConnection.consumeInput(DefaultNHttpClientConnection.java:261) ~[httpcore-nio-4.4.16.jar:4.4.16]
	at org.apache.http.impl.nio.client.InternalIODispatch.onInputReady(InternalIODispatch.java:87) ~[httpasyncclient-4.1.5.jar:4.1.5]
	at org.apache.http.impl.nio.client.InternalIODispatch.onInputReady(InternalIODispatch.java:40) ~[httpasyncclient-4.1.5.jar:4.1.5]
	at org.apache.http.impl.nio.reactor.AbstractIODispatch.inputReady(AbstractIODispatch.java:114) ~[httpcore-nio-4.4.16.jar:4.4.16]
	at org.apache.http.impl.nio.reactor.BaseIOReactor.readable(BaseIOReactor.java:162) ~[httpcore-nio-4.4.16.jar:4.4.16]
	at org.apache.http.impl.nio.reactor.AbstractIOReactor.processEvent(AbstractIOReactor.java:337) ~[httpcore-nio-4.4.16.jar:4.4.16]
	at org.apache.http.impl.nio.reactor.AbstractIOReactor.processEvents(AbstractIOReactor.java:315) ~[httpcore-nio-4.4.16.jar:4.4.16]
	at org.apache.http.impl.nio.reactor.AbstractIOReactor.execute(AbstractIOReactor.java:276) ~[httpcore-nio-4.4.16.jar:4.4.16]
	at org.apache.http.impl.nio.reactor.BaseIOReactor.execute(BaseIOReactor.java:104) ~[httpcore-nio-4.4.16.jar:4.4.16]
	at org.apache.http.impl.nio.reactor.AbstractMultiworkerIOReactor$Worker.run(AbstractMultiworkerIOReactor.java:591) ~[httpcore-nio-4.4.16.jar:4.4.16]
	at java.base/java.lang.Thread.run(Thread.java:1570) ~[na:na]

2024-07-01 15:23:32.017 ERROR 6040 --- [restartedMain] o.s.b.d.LoggingFailureAnalysisReporter   : 

***************************
APPLICATION FAILED TO START
***************************

Description:

Parameter 1 of constructor in com.example.yoloq.controller.GroupController required a bean of type 'com.example.yoloq.elastic_services.GroupSearchService' that could not be found.


Action:

Consider defining a bean of type 'com.example.yoloq.elastic_services.GroupSearchService' in your configuration.

2024-07-01 15:26:03.509 ERROR 6040 --- [restartedMain] o.s.b.d.LoggingFailureAnalysisReporter   : 

***************************
APPLICATION FAILED TO START
***************************

Description:

Parameter 1 of constructor in com.example.yoloq.controller.GroupController required a bean of type 'com.example.yoloq.elastic_services.GroupSearchService' that could not be found.


Action:

Consider defining a bean of type 'com.example.yoloq.elastic_services.GroupSearchService' in your configuration.

2024-07-01 15:26:39.653 ERROR 6040 --- [restartedMain] o.s.b.d.LoggingFailureAnalysisReporter   : 

***************************
APPLICATION FAILED TO START
***************************

Description:

Parameter 1 of constructor in com.example.yoloq.controller.GroupController required a bean of type 'com.example.yoloq.elastic_services.GroupSearchService' that could not be found.


Action:

Consider defining a bean of type 'com.example.yoloq.elastic_services.GroupSearchService' in your configuration.

2024-07-01 15:38:08.421 ERROR 6040 --- [restartedMain] o.s.b.d.LoggingFailureAnalysisReporter   : 

***************************
APPLICATION FAILED TO START
***************************

Description:

Parameter 1 of constructor in com.example.yoloq.controller.GroupController required a bean of type 'com.example.yoloq.elastic_services.GroupSearchService' that could not be found.


Action:

Consider defining a bean of type 'com.example.yoloq.elastic_services.GroupSearchService' in your configuration.

2024-07-01 15:42:00.402 ERROR 6040 --- [restartedMain] o.s.b.d.LoggingFailureAnalysisReporter   : 

***************************
APPLICATION FAILED TO START
***************************

Description:

Parameter 1 of constructor in com.example.yoloq.controller.GroupController required a bean of type 'com.example.yoloq.elastic_services.GroupSearchService' that could not be found.


Action:

Consider defining a bean of type 'com.example.yoloq.elastic_services.GroupSearchService' in your configuration.

